date,temp_c,dewpoint_c,abs_humidity_g_m3,month
2016-01-01,7.1,-0.9,4.426165125096253,1
2016-01-02,4.7,-4.0,3.5486659287256757,1
2016-01-03,5.3,-2.8,3.87280469753244,1
2016-01-04,3.1,-5.1,3.2852874674957504,1
2016-01-05,0.3,-9.0,2.4583314791492366,1
2016-01-06,1.1,-6.9,2.8846832361175414,1
2016-01-07,7.4,1.6,5.2981877886544595,1
2016-01-08,9.4,8.5,8.507297623441977,1
2016-01-09,8.5,8.3,8.419522803607695,1
2016-01-10,5.4,0.9,5.074560610872215,1
2016-01-11,-0.3,-9.3,2.406506843558395,1
2016-01-12,2.4,-5.4,3.2195811550652187,1
2016-01-13,2.6,-4.8,3.3667524900499997,1
2016-01-14,4.8,-0.9,4.462791064249775,1
2016-01-15,6.2,4.1,6.3528238512234365,1
2016-01-16,9.2,5.8,7.076048217269885,1
2016-01-17,4.3,-2.4,4.003757934245991,1
2016-01-18,-0.4,-9.9,2.2964290171126684,1
2016-01-19,-2.6,-13.3,1.7636963723415555,1
2016-01-20,0.6,-4.8,3.3913497685161187,1
2016-01-21,5.1,4.1,6.377938339044984,1
2016-01-22,3.9,3.6,6.184240506367215,1
2016-01-23,-1.3,-7.4,2.800205664925485,1
2016-01-24,0.7,-6.0,3.094998585709875,1
2016-01-25,3.5,-1.8,4.197217926366034,1
2016-01-26,8.9,5.3,6.842097741194985,1
2016-01-27,7.2,4.0,6.285874011198646,1
2016-01-28,7.5,1.4,5.220912929157561,1
2016-01-29,6.2,-0.7,4.505772359900225,1
2016-01-30,7.6,2.2,5.5263121090272636,1
2016-01-31,11.2,8.1,8.227065059944815,1
2016-02-01,14.1,12.4,10.855155534510988,2
2016-02-02,16.1,13.8,11.812844278987322,2
2016-02-03,15.9,14.0,11.975552811179238,2
2016-02-04,7.8,-1.3,4.287690049725759,2
2016-02-05,3.1,-8.2,2.590051092050246,2
2016-02-06,3.0,-5.0,3.3114412331327805,2
2016-02-07,4.1,-4.4,3.451051437074897,2
2016-02-08,4.7,-3.3,3.739404450255459,2
2016-02-09,0.5,-8.5,2.5543310853217,2
2016-02-10,-1.5,-12.8,1.829171935846221,2
2016-02-11,2.4,-6.1,3.0525206412432535,2
2016-02-12,5.9,-0.8,4.477801711362151,2
2016-02-13,1.3,-9.5,2.355203346709593,2
2016-02-14,1.2,-8.7,2.508387529672522,2
2016-02-15,5.7,3.2,5.973275380063022,2
2016-02-16,9.3,5.2,6.78506310534283,2
2016-02-17,6.5,2.2,5.548049792989109,2
2016-02-18,5.8,0.6,4.958823055436553,2
2016-02-19,8.7,2.9,5.785528229397377,2
2016-02-20,12.2,9.3,8.89149299243792,2
2016-02-21,14.1,12.2,10.713332120372495,2
2016-02-22,13.9,13.5,11.673276917205591,2
2016-02-23,13.5,13.1,11.388439391684349,2
2016-02-24,11.6,7.6,7.940459720530231,2
2016-02-25,5.9,-2.5,3.951432723607975,2
2016-02-26,4.4,-3.5,3.6879817723853887,2
2016-02-27,5.6,-1.9,4.135017435021605,2
2016-02-28,8.6,1.5,5.237956707430665,2
2016-02-29,12.9,6.9,7.5346642999501245,2
2016-03-01,14.5,10.7,9.687186035369646,3
2016-03-02,7.7,0.3,4.819597766205625,3
2016-03-03,5.2,0.8,5.041743368026708,3
2016-03-04,6.8,3.0,5.866203459846095,3
2016-03-05,7.4,1.9,5.413118120246878,3
2016-03-06,9.5,3.0,5.810166844450432,3
2016-03-07,10.6,5.0,6.6605868135008555,3
2016-03-08,13.2,8.9,8.62464363640926,3
2016-03-09,15.6,10.8,9.714729033708268,3
2016-03-10,17.6,12.8,11.00962653164444,3
2016-03-11,19.7,15.5,13.021195727872055,3
2016-03-12,19.3,15.0,12.626688891686145,3
2016-03-13,18.5,14.5,12.259423450861359,3
2016-03-14,17.0,13.3,11.398956304002414,3
2016-03-15,18.5,12.4,10.691388401468478,3
2016-03-16,19.2,11.4,9.984951344140455,3
2016-03-17,15.4,5.6,6.828722654509657,3
2016-03-18,15.4,6.9,7.469383895341303,3
2016-03-19,15.6,12.4,10.798765116149891,3
2016-03-20,9.3,0.5,4.862124260377127,3
2016-03-21,6.5,-2.0,4.091426699089393,3
2016-03-22,9.4,1.1,5.075255487655798,3
2016-03-23,12.7,6.5,7.335464695049608,3
2016-03-24,15.7,11.2,9.972872762820696,3
2016-03-25,16.3,12.2,10.631904133967868,3
2016-03-26,14.3,12.9,11.20917107114328,3
2016-03-27,16.6,16.1,13.675640660126176,3
2016-03-28,16.3,11.0,9.820953341876839,3
2016-03-29,12.8,4.9,6.5634330179618905,3
2016-03-30,14.3,6.1,7.096189647658957,3
2016-03-31,17.0,15.3,12.974720027077339,3
2016-04-01,18.6,17.4,14.751167072719126,4
2016-04-02,13.3,4.9,6.551976510686691,4
2016-04-03,11.9,1.1,5.030743511794934,4
2016-04-04,14.0,6.0,7.054693167161831,4
2016-04-05,13.0,3.3,5.862171188434329,4
2016-04-06,11.9,4.9,6.584156012931777,4
2016-04-07,14.1,7.4,7.764568480320938,4
2016-04-08,12.0,2.2,5.441038487145027,4
2016-04-09,9.9,-2.9,3.781664853300668,4
2016-04-10,8.9,-0.8,4.430173967578828,4
2016-04-11,14.2,9.6,9.009542386922552,4
2016-04-12,16.2,13.0,11.2086576924918,4
2016-04-13,13.5,9.8,9.153588184040588,4
2016-04-14,14.3,9.5,8.946094354335234,4
2016-04-15,13.8,4.7,6.449903264759487,4
2016-04-16,15.2,6.3,7.17235069794513,4
2016-04-17,14.8,4.3,6.250136993592587,4
2016-04-18,16.2,6.7,7.3471199318060885,4
2016-04-19,17.8,8.7,8.374308207470479,4
2016-04-20,19.6,9.6,8.84335441462748,4
2016-04-21,18.2,9.9,9.066497238416629,4
2016-04-22,17.3,16.1,13.642681636328316,4
2016-04-23,17.7,11.5,10.10310339003763,4
2016-04-24,18.3,10.6,9.497406300286013,4
2016-04-25,19.7,12.7,10.859288284020781,4
2016-04-26,20.7,14.4,12.089212117504099,4
2016-04-27,21.7,14.5,12.12637222127765,4
2016-04-28,21.9,17.5,14.678638033105209,4
2016-04-29,22.7,12.3,10.470559514291741,4
2016-04-30,23.0,14.0,11.6884468683821,4
2016-05-01,22.1,17.8,14.94897006430609,5
2016-05-02,22.4,17.0,14.197395495640608,5
2016-05-03,20.0,14.9,12.515659194125334,5
2016-05-04,17.0,6.1,7.030155830499974,5
2016-05-05,13.1,4.6,6.420656053809074,5
2016-05-06,14.3,3.4,5.877011071204644,5
2016-05-07,18.0,7.2,7.556472130923084,5
2016-05-08,22.4,9.0,8.412777788226219,5
2016-05-09,21.4,9.8,8.908083697013188,5
2016-05-10,22.3,13.6,11.415485296684274,5
2016-05-11,23.3,16.8,13.975801173608195,5
2016-05-12,23.2,16.8,13.980517151733254,5
2016-05-13,21.6,13.0,11.003308238583552,5
2016-05-14,20.1,8.1,7.9773774929081265,5
2016-05-15,16.0,0.6,4.78389656342392,5
2016-05-16,18.0,4.2,6.1382629595309135,5
2016-05-17,18.8,15.5,13.061336423727798,5
2016-05-18,20.9,16.7,14.000645819085207,5
2016-05-19,19.7,17.3,14.603124247190674,5
2016-05-20,17.0,16.2,13.744224208855842,5
2016-05-21,20.0,16.6,13.954629737025176,5
2016-05-22,18.7,10.4,9.358724453848664,5
2016-05-23,19.5,9.5,8.78713419495528,5
2016-05-24,20.7,11.4,9.933981709918198,5
2016-05-25,22.9,12.5,10.601893001054378,5
2016-05-26,24.1,16.1,13.330586648516599,5
2016-05-27,23.9,15.3,12.673337875295372,5
2016-05-28,24.1,12.7,10.69854524466101,5
2016-05-29,24.4,15.6,12.897949601304926,5
2016-05-30,24.9,15.5,12.794018348959339,5
2016-05-31,25.3,15.8,13.024818296686997,5
2016-06-01,25.4,18.3,15.256042992751487,6
2016-06-02,25.7,18.2,15.145315827756797,6
2016-06-03,26.5,17.3,14.271733475020152,6
2016-06-04,26.8,17.1,14.078077240907062,6
2016-06-05,23.2,19.8,16.877814948515997,6
2016-06-06,22.9,20.3,17.426388209103806,6
2016-06-07,24.7,16.7,13.82202418365622,6
2016-06-08,23.1,9.9,8.916536608987965,6
2016-06-09,23.2,11.1,9.656197203661042,6
2016-06-10,26.3,12.8,10.689760941979031,6
2016-06-11,27.9,15.4,12.585508810392023,6
2016-06-12,28.7,18.6,15.375791012163939,6
2016-06-13,29.6,17.6,14.395914540791699,6
2016-06-14,28.0,20.8,17.66810558933329,6
2016-06-15,25.5,21.8,18.943473308733143,6
2016-06-16,26.9,20.2,17.08805527655877,6
2016-06-17,27.3,20.1,16.959999931393348,6
2016-06-18,24.7,16.7,13.82202418365622,6
2016-06-19,24.5,11.9,10.136656361902345,6
2016-06-20,24.0,12.6,10.632194541912238,6
2016-06-21,26.3,14.1,11.634863451836452,6
2016-06-22,27.9,16.4,13.416558763327613,6
2016-06-23,28.4,16.9,13.826925782238716,6
2016-06-24,29.4,18.0,14.77316025798729,6
2016-06-25,30.5,17.8,14.535430302935529,6
2016-06-26,29.1,19.0,15.744402408764854,6
2016-06-27,27.4,20.9,17.812715030831964,6
2016-06-28,25.4,21.7,18.83428640356928,6
2016-06-29,26.9,18.1,14.990236785197215,6
2016-06-30,27.0,18.0,14.891286476941708,6
2016-07-01,27.9,17.3,14.205364344094964,7
2016-07-02,29.3,15.8,12.852560822106907,7
2016-07-03,29.9,15.9,12.909429936593263,7
2016-07-04,29.7,19.1,15.81159574987663,7
2016-07-05,26.7,22.0,19.099581078561926,7
2016-07-06,26.7,21.7,18.752630334452586,7
2016-07-07,27.6,20.6,17.474837461007347,7
2016-07-08,29.0,19.9,16.65685092152844,7
2016-07-09,28.1,21.6,18.551597055383922,7
2016-07-10,27.1,20.7,17.612208348944858,7
2016-07-11,26.3,21.3,18.323073930506183,7
2016-07-12,26.8,20.0,16.883361948397276,7
2016-07-13,27.4,19.2,16.032279433492334,7
2016-07-14,27.7,20.6,17.469028972570914,7
2016-07-15,26.6,20.4,17.317986678637535,7
2016-07-16,27.3,19.9,16.751098372241035,7
2016-07-17,27.1,21.0,17.940552487578934,7
2016-07-18,27.5,21.2,18.13825562967077,7
2016-07-19,27.9,21.8,18.79245408953049,7
2016-07-20,28.6,20.8,17.632974310613818,7
2016-07-21,28.7,20.9,17.735999677046703,7
2016-07-22,27.7,21.3,18.237807839421894,7
2016-07-23,28.5,21.3,18.18943970989583,7
2016-07-24,28.9,20.2,16.97490808055441,7
2016-07-25,29.7,20.0,16.721691980920465,7
2016-07-26,29.4,19.3,16.025866221666757,7
2016-07-27,28.3,20.2,17.008694595227926,7
2016-07-28,27.6,19.6,16.425578801648367,7
2016-07-29,27.3,20.7,17.600484462541832,7
2016-07-30,27.0,22.2,19.314671451277036,7
2016-07-31,26.9,21.9,18.97065738629056,7
2016-08-01,26.5,22.7,19.944401469884752,8
2016-08-02,25.9,22.6,19.8633973744791,8
2016-08-03,27.1,21.1,18.05118721612699,8
2016-08-04,26.5,22.6,19.82362417766719,8
2016-08-05,26.3,23.2,20.571741546341368,8
2016-08-06,27.4,21.9,18.93909748380131,8
2016-08-07,26.8,23.0,20.29029687747119,8
2016-08-08,25.7,22.6,19.876690596747444,8
2016-08-09,25.1,22.5,19.7959774223131,8
2016-08-10,25.2,22.5,19.789342269833696,8
2016-08-11,26.0,21.8,18.91181114375114,8
2016-08-12,26.8,21.7,18.746378415687975,8
2016-08-13,26.4,21.5,18.542963398309908,8
2016-08-14,26.6,20.6,17.533135500910625,8
2016-08-15,27.2,19.7,16.54996668410476,8
2016-08-16,27.3,21.5,18.487417826472733,8
2016-08-17,27.2,21.9,18.951708835546803,8
2016-08-18,26.9,22.4,19.557883277352456,8
2016-08-19,25.5,22.0,19.176324749394922,8
2016-08-20,24.9,22.5,19.809261084398198,8
2016-08-21,25.6,22.1,19.28723034314706,8
2016-08-22,25.5,18.9,15.834965302363695,8
2016-08-23,26.2,19.3,16.197179974495665,8
2016-08-24,25.0,21.5,18.630034163889764,8
2016-08-25,25.6,20.9,17.920038502147435,8
2016-08-26,27.0,20.7,17.618076151160068,8
2016-08-27,27.3,20.1,16.959999931393348,8
2016-08-28,26.6,20.0,16.894626910497955,8
2016-08-29,26.8,19.3,16.16478021458669,8
2016-08-30,26.5,18.5,15.391935034717037,8
2016-08-31,27.1,19.1,15.948515479933846,8
2016-09-01,26.8,20.4,17.30643942964361,9
2016-09-02,23.7,20.4,17.48717031134109,9
2016-09-03,23.4,16.0,13.276982421186096,9
2016-09-04,24.6,16.7,13.826666341232594,9
2016-09-05,24.8,16.6,13.72981945765709,9
2016-09-06,25.5,15.4,12.686648007261068,9
2016-09-07,26.8,14.4,11.84335716195559,9
2016-09-08,27.5,14.8,12.12502867431922,9
2016-09-09,27.8,15.4,12.589690737227174,9
2016-09-10,27.5,15.2,12.441374600261462,9
2016-09-11,27.0,18.4,15.27024250387582,9
2016-09-12,26.0,20.1,17.033702087204187,9
2016-09-13,25.2,19.8,16.764673906461255,9
2016-09-14,26.1,18.1,15.030310935333079,9
2016-09-15,27.1,16.9,13.88679257163725,9
2016-09-16,26.3,17.0,14.012490361451265,9
2016-09-17,25.5,17.0,14.05002591239438,9
2016-09-18,23.6,20.6,17.71038708137476,9
2016-09-19,25.1,19.3,16.25691810684083,9
2016-09-20,25.1,17.6,14.613120292454942,9
2016-09-21,25.9,16.8,13.85429278687895,9
2016-09-22,25.8,17.0,14.035926538673964,9
2016-09-23,25.9,17.6,14.574028179985579,9
2016-09-24,26.8,16.9,13.900681679060124,9
2016-09-25,26.7,17.1,14.082772280840665,9
2016-09-26,26.0,17.0,14.026542666677525,9
2016-09-27,25.1,17.7,14.705604827217359,9
2016-09-28,24.4,15.0,12.410267741131284,9
2016-09-29,20.6,7.6,7.697177550369305,9
2016-09-30,17.9,7.2,7.559068410645099,9
2016-10-01,19.0,9.1,8.568290924718564,10
2016-10-02,20.6,10.7,9.48602234237984,10
2016-10-03,22.1,11.9,10.21905424596184,10
2016-10-04,23.1,14.4,11.991274196552165,10
2016-10-05,21.7,11.8,10.165615144552646,10
2016-10-06,21.0,13.2,11.17079711885932,10
2016-10-07,20.8,16.6,13.916651496543391,10
2016-10-08,23.1,15.6,12.954548198711494,10
2016-10-09,19.6,3.7,5.893954197627,10
2016-10-10,17.7,4.8,6.407999169887752,10
2016-10-11,16.9,5.9,6.936032152485019,10
2016-10-12,16.5,7.5,7.753022060695473,10
2016-10-13,19.3,10.1,9.15416050229151,10
2016-10-14,20.2,11.8,10.217595450388096,10
2016-10-15,19.9,14.6,12.279946061794345,10
2016-10-16,20.5,14.9,12.494348689793433,10
2016-10-17,21.3,13.9,11.679862560185152,10
2016-10-18,22.8,14.6,12.159615453315872,10
2016-10-19,23.2,14.3,11.909903659394926,10
2016-10-20,23.7,14.1,11.736768942740191,10
2016-10-21,17.9,8.2,8.092473146364902,10
2016-10-22,13.8,0.1,4.649286051193448,10
2016-10-23,15.3,0.4,4.726690569757707,10
2016-10-24,18.3,4.4,6.218482825064581,10
2016-10-25,17.9,5.9,6.912201085134099,10
2016-10-26,17.3,9.8,9.033830445705748,10
2016-10-27,19.9,12.8,10.923217587700465,10
2016-10-28,21.1,11.8,10.186343671610356,10
2016-10-29,20.5,10.2,9.177924928371713,10
2016-10-30,21.3,10.5,9.338181255819572,10
2016-10-31,21.7,10.5,9.325512873583428,10
2016-11-01,21.4,11.0,9.650907977614162,11
2016-11-02,19.7,14.9,12.528480426012777,11
2016-11-03,21.1,13.6,11.462039527290973,11
2016-11-04,20.5,10.3,9.2394595838839,11
2016-11-05,16.4,5.7,6.852470941583037,11
2016-11-06,15.7,3.1,5.725840735097465,11
2016-11-07,15.6,1.7,5.184714902814512,11
2016-11-08,13.4,1.6,5.1872503371384004,11
2016-11-09,14.5,3.1,5.749727433801157,11
2016-11-10,13.0,-0.2,4.561842204307638,11
2016-11-11,13.9,-0.8,4.353006680214626,11
2016-11-12,13.5,2.0,5.33589761702518,11
2016-11-13,11.0,2.0,5.382843751259081,11
2016-11-14,11.5,3.7,6.061672549992287,11
2016-11-15,12.8,3.5,5.9496691051413935,11
2016-11-16,14.1,4.8,6.488308297865457,11
2016-11-17,15.1,4.4,6.287517153044482,11
2016-11-18,16.1,5.2,6.625552546600112,11
2016-11-19,12.4,1.4,5.131322758074136,11
2016-11-20,7.3,-10.3,2.163921851100483,11
2016-11-21,7.9,-11.4,1.9785064095799205,11
2016-11-22,9.3,-7.9,2.592872712958439,11
2016-11-23,11.9,2.2,5.4429472885788615,11
2016-11-24,16.4,11.3,10.01494136418612,11
2016-11-25,15.1,8.3,8.226742749821707,11
2016-11-26,9.9,-0.9,4.382380414443473,11
2016-11-27,8.3,-2.1,4.0353672921669315,11
2016-11-28,13.3,4.2,6.238978043873016,11
2016-11-29,17.8,15.5,13.106228454742501,11
2016-11-30,18.0,16.3,13.784644126876845,11
2016-12-01,9.6,0.9,4.999182522222654,12
2016-12-02,8.0,-0.8,4.444355566621406,12
2016-12-03,8.1,0.7,4.9538998384240625,12
2016-12-04,6.7,5.7,7.089987354423328,12
2016-12-05,9.0,8.6,8.577253224783016,12
2016-12-06,12.2,11.3,10.162348946907626,12
2016-12-07,10.7,6.1,7.186188882225005,12
2016-12-08,6.6,-2.4,3.9708405321056306,12
2016-12-09,1.1,-8.7,2.5093021650525302,12
2016-12-10,1.2,-5.9,3.113003589032144,12
2016-12-11,3.4,-1.4,4.324062729641554,12
2016-12-12,11.7,10.3,9.524898391460443,12
2016-12-13,10.3,9.6,9.133505044565867,12
2016-12-14,9.2,5.2,6.787466173557934,12
2016-12-15,3.0,-6.9,2.864835696198573,12
2016-12-16,2.1,-7.2,2.808604796247825,12
2016-12-17,10.0,8.6,8.546960965468932,12
2016-12-18,11.6,10.6,9.720874683822153,12
2016-12-19,4.5,1.1,5.164824196063914,12
2016-12-20,5.4,1.8,5.4131545700672445,12
2016-12-21,5.9,1.3,5.213298513787924,12
2016-12-22,11.4,3.8,6.106631746707489,12
2016-12-23,8.3,1.0,5.0585662186416505,12
2016-12-24,12.9,9.3,8.869734400951444,12
2016-12-25,14.6,12.4,10.83629340499837,12
2016-12-26,13.3,12.7,11.101911586578758,12
2016-12-27,15.8,15.1,12.862154498312842,12
2016-12-28,12.4,8.4,8.361055191756472,12
2016-12-29,12.2,4.4,6.351416924356307,12
2016-12-30,5.1,-7.8,2.6524829593477777,12
2016-12-31,4.2,-2.9,3.8593843040445432,12
2017-01-01,8.3,7.6,8.033561575487594,1
2017-01-02,11.6,11.2,10.116468121302047,1
2017-01-03,15.1,13.3,11.474092529423418,1
2017-01-04,9.5,4.0,6.234724143072848,1
2017-01-05,5.3,-1.7,4.200899550891811,1
2017-01-06,1.9,-2.4,4.038693469756591,1
2017-01-07,-4.6,-9.1,2.4836687873409646,1
2017-01-08,-4.9,-14.5,1.6128548123280637,1
2017-01-09,-0.3,-9.6,2.3504640134959844,1
2017-01-10,5.0,-1.1,4.394798929762109,1
2017-01-11,13.4,8.8,8.560587589391597,1
2017-01-12,14.7,11.2,10.00751883807802,1
2017-01-13,15.9,13.8,11.82101784361558,1
2017-01-14,15.7,13.3,11.450258513437081,1
2017-01-15,15.5,11.7,10.315616151396942,1
2017-01-16,14.1,11.9,10.50365801956565,1
2017-01-17,16.0,12.6,10.926358665499642,1
2017-01-18,16.3,13.4,11.5012898841417,1
2017-01-19,15.0,11.5,10.197770678439856,1
2017-01-20,17.1,14.4,12.239155833690194,1
2017-01-21,15.4,14.5,12.391130997898857,1
2017-01-22,13.9,13.2,11.447099712637064,1
2017-01-23,10.3,7.6,7.976877422547128,1
2017-01-24,8.9,3.7,6.117550403670642,1
2017-01-25,11.6,6.6,7.414650479208512,1
2017-01-26,11.4,4.8,6.5498736902542705,1
2017-01-27,3.5,-3.8,3.6178851217989374,1
2017-01-28,4.2,-5.1,3.272257663225892,1
2017-01-29,5.0,-2.5,3.9642182330498126,1
2017-01-30,5.1,-2.0,4.112012493801792,1
2017-01-31,10.9,4.5,6.425295882059804,1
2017-02-01,13.3,8.0,8.11140871464194,2
2017-02-02,12.3,9.1,8.769403375920575,2
2017-02-03,7.4,0.3,4.824751497554267,2
2017-02-04,2.8,-8.9,2.4551871781331003,2
2017-02-05,6.0,1.5,5.286742978035429,2
2017-02-06,10.0,8.6,8.546960965468932,2
2017-02-07,14.6,12.7,11.051755252738438,2
2017-02-08,14.9,13.8,11.862055919795464,2
2017-02-09,7.4,-0.1,4.686829510569493,2
2017-02-10,6.0,-4.5,3.4018518458084053,2
2017-02-11,12.9,8.5,8.403205535757841,2
2017-02-12,17.7,16.2,13.711145450230436,2
2017-02-13,10.4,-0.0,4.671029448069124,2
2017-02-14,10.3,1.3,5.132372377041877,2
2017-02-15,10.6,3.7,6.080899000371117,2
2017-02-16,6.5,-3.7,3.6059650746456486,2
2017-02-17,10.2,1.2,5.097438314856793,2
2017-02-18,11.1,6.6,7.427692960262529,2
2017-02-19,13.4,9.5,8.974192364870575,2
2017-02-20,13.7,8.6,8.436716044526854,2
2017-02-21,15.2,10.9,9.793121039852203,2
2017-02-22,15.8,14.3,12.21491590054226,2
2017-02-23,16.7,12.6,10.899971047539147,2
2017-02-24,17.4,12.8,11.017205004562456,2
2017-02-25,14.2,5.2,6.669361663838811,2
2017-02-26,7.3,-3.1,3.7603602626533963,2
2017-02-27,9.4,2.3,5.530366983250049,2
2017-02-28,14.0,11.8,10.438208690131804,2
2017-03-01,18.3,16.0,13.50931253046058,3
2017-03-02,9.5,-1.1,4.324830434506742,3
2017-03-03,6.9,-3.4,3.682452831300542,3
2017-03-04,6.8,-2.3,3.9974710342600623,3
2017-03-05,10.6,1.7,5.27607551784208,3
2017-03-06,14.6,7.2,7.645757987552583,3
2017-03-07,14.9,11.2,10.000570378548023,3
2017-03-08,13.9,5.1,6.630031348915557,3
2017-03-09,12.6,4.1,6.210538382639604,3
2017-03-10,14.1,7.4,7.764568480320938,3
2017-03-11,8.5,-1.3,4.277033621411156,3
2017-03-12,5.7,2.8,5.8064591058984165,3
2017-03-13,3.9,1.1,5.176009521881054,3
2017-03-14,4.5,0.0,4.770287772375292,3
2017-03-15,0.4,-9.4,2.3815850171115716,3
2017-03-16,2.1,-7.5,2.744342650322593,3
2017-03-17,9.0,1.1,5.082450604420151,3
2017-03-18,14.8,10.0,9.235202368042584,3
2017-03-19,9.7,0.2,4.750988372438794,3
2017-03-20,12.0,4.7,6.49061806706202,3
2017-03-21,19.1,14.3,12.076988706455726,3
2017-03-22,14.3,8.7,8.476274040575877,3
2017-03-23,12.8,3.1,5.783910111323318,3
2017-03-24,15.4,8.0,8.052375762637961,3
2017-03-25,17.3,10.8,9.657868853445558,3
2017-03-26,18.5,13.7,11.639711804644374,3
2017-03-27,18.1,15.3,12.925716792640308,3
2017-03-28,19.1,15.3,12.881488505924686,3
2017-03-29,18.5,14.1,11.946030723992545,3
2017-03-30,19.7,14.2,11.974441251016268,3
2017-03-31,17.1,11.4,10.057193886165244,3
2017-04-01,15.8,9.0,8.604936754837372,4
2017-04-02,17.3,9.6,8.913382698854175,4
2017-04-03,18.1,15.0,12.678713017591805,4
2017-04-04,19.9,14.1,11.88896045266141,4
2017-04-05,17.1,15.4,13.053806812639166,4
2017-04-06,11.3,3.4,5.938993961742925,4
2017-04-07,10.8,0.2,4.7325834166026155,4
2017-04-08,11.0,1.2,5.083086913653607,4
2017-04-09,14.7,4.2,6.208633874126892,4
2017-04-10,16.8,7.7,7.851429464309708,4
2017-04-11,18.5,11.4,10.008916596809403,4
2017-04-12,19.2,12.9,11.021297158885362,4
2017-04-13,19.8,12.5,10.714082344980879,4
2017-04-14,20.5,11.7,10.13997140167113,4
2017-04-15,21.0,11.9,10.257269305185222,4
2017-04-16,21.3,11.0,9.654185582632879,4
2017-04-17,21.4,12.6,10.726045181222956,4
2017-04-18,20.9,15.7,13.135355545814903,4
2017-04-19,20.2,15.9,13.336297059091828,4
2017-04-20,21.5,15.3,12.776565470410622,4
2017-04-21,23.1,14.9,12.38469364643997,4
2017-04-22,23.0,11.8,10.120991475169163,4
2017-04-23,17.0,15.2,12.891605285433771,4
2017-04-24,13.6,12.0,10.59158011860916,4
2017-04-25,17.7,13.4,11.445928681329947,4
2017-04-26,19.5,13.8,11.67560296496526,4
2017-04-27,20.2,17.2,14.48626986382911,4
2017-04-28,23.0,18.8,15.86912474232992,4
2017-04-29,23.4,18.6,15.650590177109038,4
2017-04-30,23.2,17.0,14.159069474393728,4
2017-05-01,19.5,13.7,11.599938314794231,5
2017-05-02,17.5,7.8,7.8860881671333,5
2017-05-03,19.2,10.2,9.21873663491142,5
2017-05-04,17.4,13.3,11.383263368116678,5
2017-05-05,10.8,8.3,8.351324520641334,5
2017-05-06,13.8,6.8,7.459645689041468,5
2017-05-07,14.6,6.8,7.4389064482031255,5
2017-05-08,16.3,9.3,8.765546814275904,5
2017-05-09,20.8,12.1,10.400448038942267,5
2017-05-10,22.6,14.9,12.405631420990165,5
2017-05-11,23.4,14.6,12.135013297618725,5
2017-05-12,21.7,15.9,13.268450881073726,5
2017-05-13,19.5,16.3,13.713989877123502,5
2017-05-14,20.5,12.8,10.900898736848701,5
2017-05-15,22.6,13.8,11.553221327800788,5
2017-05-16,24.7,14.0,11.621734228878156,5
2017-05-17,25.7,12.9,10.78158348469177,5
2017-05-18,25.6,16.5,13.606209123831476,5
2017-05-19,26.5,15.5,12.725703884222696,5
2017-05-20,25.2,16.0,13.196879963139724,5
2017-05-21,22.0,19.7,16.84154664940154,5
2017-05-22,21.6,19.8,16.96943328241803,5
2017-05-23,20.1,18.3,15.531770282987061,5
2017-05-24,19.1,15.7,13.216257650117612,5
2017-05-25,16.9,10.5,9.479839582058519,5
2017-05-26,19.7,13.3,11.293860924044052,5
2017-05-27,22.9,18.0,15.097516081925534,5
2017-05-28,22.8,19.2,16.281471815293532,5
2017-05-29,22.6,19.2,16.292482108997874,5
2017-05-30,21.4,19.1,16.257144025972288,5
2017-05-31,21.7,18.9,16.039044895882373,5
2017-06-01,22.4,18.3,15.410900475337359,6
2017-06-02,23.8,18.0,15.05175832986716,6
2017-06-03,23.6,19.2,16.237579052185747,6
2017-06-04,22.4,20.8,18.00287598791311,6
2017-06-05,22.4,21.1,18.338247205691523,6
2017-06-06,22.5,19.8,16.91777595126912,6
2017-06-07,21.4,16.8,14.065952326994228,6
2017-06-08,20.1,15.9,13.340844815974723,6
2017-06-09,21.8,16.1,13.43453765476033,6
2017-06-10,23.1,16.3,13.547338860895167,6
2017-06-11,23.7,19.2,16.232109091245146,6
2017-06-12,23.4,20.6,17.722331365361526,6
2017-06-13,24.2,20.8,17.89389607609793,6
2017-06-14,25.1,20.7,17.730312009289836,6
2017-06-15,24.5,20.8,17.875860904511068,6
2017-06-16,23.3,19.8,16.87212163937499,6
2017-06-17,24.5,19.7,16.70009236879175,6
2017-06-18,23.9,20.6,17.692500812650934,6
2017-06-19,24.5,21.9,19.12362085925242,6
2017-06-20,22.5,21.5,18.787568699353063,6
2017-06-21,22.4,20.5,17.672896695533296,6
2017-06-22,22.9,21.9,19.226974324460336,6
2017-06-23,25.6,21.3,18.36600665603373,6
2017-06-24,24.2,22.2,19.496548296959148,6
2017-06-25,21.8,17.2,14.40768694542895,6
2017-06-26,22.0,13.2,11.132949254658541,6
2017-06-27,22.5,14.7,12.250795376126575,6
2017-06-28,23.1,16.4,13.633940981265072,6
2017-06-29,22.5,20.3,17.449965260629735,6
2017-06-30,22.6,21.5,18.781216182464014,6
2017-07-01,24.8,22.1,19.33901683173413,7
2017-07-02,24.3,22.4,19.728838047973117,7
2017-07-03,24.6,21.3,18.42768929803552,7
2017-07-04,24.8,21.7,18.872214149305616,7
2017-07-05,25.7,22.2,19.398690433665056,7
2017-07-06,25.3,22.5,19.78271156376238,7
2017-07-07,25.1,22.1,19.31956434204588,7
2017-07-08,25.2,21.7,18.846912035480504,7
2017-07-09,25.3,20.5,17.50117144702585,7
2017-07-10,24.5,21.2,18.321070233699032,7
2017-07-11,24.4,22.3,19.60250698806595,7
2017-07-12,25.0,22.3,19.563058709706603,7
2017-07-13,25.7,22.9,20.2419334352993,7
2017-07-14,25.5,22.8,20.13301149634401,7
2017-07-15,25.0,22.3,19.563058709706603,7
2017-07-16,24.1,22.0,19.266642174623357,7
2017-07-17,24.4,21.6,18.78228402935442,7
2017-07-18,25.1,21.9,19.0851491995188,7
2017-07-19,26.2,22.1,19.248572122983745,7
2017-07-20,26.0,21.8,18.91181114375114,7
2017-07-21,27.4,22.8,20.005735762379437,7
2017-07-22,25.9,23.5,20.976062277747236,7
2017-07-23,25.5,23.2,20.626847500592408,7
2017-07-24,25.3,22.9,20.26906284851464,7
2017-07-25,24.9,22.7,20.05146754051658,7
2017-07-26,25.9,21.9,19.034093792865686,7
2017-07-27,25.4,22.1,19.300150946291023,7
2017-07-28,25.2,22.9,20.27585656825606,7
2017-07-29,25.6,20.1,17.05650871761383,7
2017-07-30,24.0,16.5,13.679471565689564,7
2017-07-31,23.3,14.8,12.296811843258807,7
2017-08-01,23.6,16.3,13.52451267915819,8
2017-08-02,23.7,17.2,14.315469983339293,8
2017-08-03,23.4,18.8,15.847719751950788,8
2017-08-04,23.0,19.6,16.68071188450362,8
2017-08-05,24.8,20.2,17.20849466598912,8
2017-08-06,23.9,21.2,18.358076266825506,8
2017-08-07,24.5,22.3,19.595921230636733,8
2017-08-08,22.3,20.7,17.89834339743,8
2017-08-09,21.8,20.8,18.039498214028548,8
2017-08-10,22.8,21.7,18.99975065310224,8
2017-08-11,24.3,22.0,19.253687632902313,8
2017-08-12,24.9,22.3,19.56962239321934,8
2017-08-13,26.1,22.4,19.610168345428917,8
2017-08-14,25.6,23.2,20.61994311649179,8
2017-08-15,25.4,23.2,20.63375650997127,8
2017-08-16,26.1,23.6,21.088894434226273,8
2017-08-17,25.9,23.8,21.3588903654639,8
2017-08-18,26.4,21.4,18.429656447381966,8
2017-08-19,25.2,19.8,16.764673906461255,8
2017-08-20,26.1,20.4,17.34692232889424,8
2017-08-21,26.5,21.6,18.65065447333358,8
2017-08-22,26.2,21.9,19.01501836898775,8
2017-08-23,26.2,21.0,17.994491011844246,8
2017-08-24,24.5,17.0,14.09722909032952,8
2017-08-25,25.1,18.8,15.757389077756933,8
2017-08-26,25.0,20.0,16.985290680602926,8
2017-08-27,24.7,17.9,14.912117400161188,8
2017-08-28,22.6,13.1,11.038025871940214,8
2017-08-29,22.2,16.4,13.67548676383876,8
2017-08-30,21.0,19.8,17.004047118792165,8
2017-08-31,21.7,21.0,18.269122890946498,8
2017-09-01,23.3,20.0,17.08269325829571,9
2017-09-02,20.8,15.2,12.724950752061943,9
2017-09-03,20.7,15.2,12.729281176003433,9
2017-09-04,22.8,17.4,14.541824610460568,9
2017-09-05,23.0,19.9,16.99431877744325,9
2017-09-06,19.5,14.8,12.45648341340876,9
2017-09-07,17.4,9.6,8.910314936782639,9
2017-09-08,18.3,12.1,10.489661008910891,9
2017-09-09,19.7,12.1,10.439514089284888,9
2017-09-10,18.2,9.1,8.591818066437373,9
2017-09-11,15.5,12.2,10.661370696611812,9
2017-09-12,16.6,15.1,12.826642078645367,9
2017-09-13,18.4,15.0,12.665666837158682,9
2017-09-14,20.5,17.1,14.38010988731508,9
2017-09-15,21.6,18.7,15.845060514555488,9
2017-09-16,22.8,19.1,16.180239137861587,9
2017-09-17,23.0,18.9,15.968638823403403,9
2017-09-18,22.4,17.4,14.56150564529117,9
2017-09-19,23.1,18.3,15.374486533285927,9
2017-09-20,24.2,20.2,17.243218381474556,9
2017-09-21,24.1,20.0,17.03671796945925,9
2017-09-22,23.7,20.0,17.05967463844286,9
2017-09-23,24.0,19.3,16.317098520495634,9
2017-09-24,23.1,17.7,14.804883172042455,9
2017-09-25,23.6,17.7,14.77993812878712,9
2017-09-26,23.5,17.6,14.69193705452448,9
2017-09-27,24.1,18.3,15.322764122745015,9
2017-09-28,24.8,18.0,15.001240597597093,9
2017-09-29,24.2,18.7,15.706512818783356,9
2017-09-30,22.8,14.2,11.849012064065262,9
2017-10-01,18.1,6.1,7.003604168994222,10
2017-10-02,19.0,11.1,9.795016400153859,10
2017-10-03,20.7,13.0,11.037009029513365,10
2017-10-04,20.0,11.9,10.292259137370742,10
2017-10-05,20.2,12.8,10.912046749874284,10
2017-10-06,21.8,15.2,12.681808013455191,10
2017-10-07,23.6,20.2,17.27808251299565,10
2017-10-08,22.9,22.1,19.463131447441935,10
2017-10-09,22.9,22.4,19.82213436030942,10
2017-10-10,24.2,22.6,19.976959760679247,10
2017-10-11,24.2,21.2,18.339554582345777,10
2017-10-12,22.3,19.3,16.410986039483085,10
2017-10-13,21.2,19.4,16.575217480140775,10
2017-10-14,21.1,18.6,15.772922742639539,10
2017-10-15,20.9,19.2,16.386674319796366,10
2017-10-16,16.5,11.6,10.212284218804253,10
2017-10-17,13.4,5.9,7.020750744471401,10
2017-10-18,13.1,7.1,7.633366004486836,10
2017-10-19,14.1,7.8,7.979430899137663,10
2017-10-20,14.5,8.8,8.52785111677442,10
2017-10-21,16.8,10.9,9.739080709920271,10
2017-10-22,18.7,15.0,12.652647477723535,10
2017-10-23,18.6,15.8,13.323931518924537,10
2017-10-24,13.4,6.3,7.2174047243150525,10
2017-10-25,10.3,2.4,5.552190693196073,10
2017-10-26,11.4,4.9,6.595725431334397,10
2017-10-27,14.4,8.5,8.359370347777885,10
2017-10-28,13.2,10.0,9.286804686145842,10
2017-10-29,4.6,-1.3,4.337089179011528,10
2017-10-30,7.7,1.1,5.105976279284834,10
2017-10-31,12.5,7.6,7.915441643343194,10
2017-11-01,14.0,9.4,8.895421101143668,11
2017-11-02,17.1,12.5,10.81374822725977,11
2017-11-03,17.8,15.9,13.446306039816422,11
2017-11-04,18.7,17.0,14.377386461321164,11
2017-11-05,18.8,17.3,14.648141585167968,11
2017-11-06,19.5,17.2,14.520920090737294,11
2017-11-07,19.7,18.5,15.749336975082672,11
2017-11-08,14.9,13.4,11.557189227442512,11
2017-11-09,10.7,9.3,8.938479920352865,11
2017-11-10,10.1,5.0,6.672344248299622,11
2017-11-11,7.8,2.8,5.7630579166391644,11
2017-11-12,7.9,4.7,6.585304187236204,11
2017-11-13,10.3,7.2,7.761745849067758,11
2017-11-14,9.0,5.6,6.9836183659711555,11
2017-11-15,8.4,4.9,6.6660048711994415,11
2017-11-16,11.9,6.6,7.406846953006926,11
2017-11-17,9.9,5.2,6.770680353662189,11
2017-11-18,13.6,10.1,9.336126378012736,11
2017-11-19,8.6,2.4,5.58569104520471,11
2017-11-20,5.8,0.0,4.7480566409750855,11
2017-11-21,11.0,7.3,7.795790234573668,11
2017-11-22,11.1,6.9,7.582377213722894,11
2017-11-23,8.7,3.1,5.868047175209874,11
2017-11-24,8.5,5.0,6.7102485649950925,11
2017-11-25,10.1,5.9,7.1025458987759205,11
2017-11-26,9.6,1.5,5.219431661604208,11
2017-11-27,8.0,1.0,5.063963941798658,11
2017-11-28,9.5,3.1,5.851438515241121,11
2017-11-29,11.5,9.1,8.79404951223091,11
2017-11-30,14.3,13.0,11.282745184632118,11
2017-12-01,14.2,13.2,11.435148677614299,12
2017-12-02,13.4,11.1,9.98643881104502,12
2017-12-03,12.5,9.1,8.763263412065564,12
2017-12-04,12.0,8.9,8.660938822675055,12
2017-12-05,14.9,13.0,11.259243545643127,12
2017-12-06,6.4,0.6,4.948179900962356,12
2017-12-07,6.4,-1.8,4.153676763831742,12
2017-12-08,2.3,1.2,5.243634585277445,12
2017-12-09,0.3,-2.1,4.153425212581396,12
2017-12-10,-1.1,-5.7,3.18750057755997,12
2017-12-11,4.4,-0.9,4.4692227573706536,12
2017-12-12,5.8,-0.5,4.578527232348783,12
2017-12-13,2.1,-9.2,2.4043023052615347,12
2017-12-14,6.9,-0.1,4.69519735472334,12
2017-12-15,3.3,-2.4,4.018240690383615,12
2017-12-16,2.3,-2.6,3.9735185959544226,12
2017-12-17,5.3,1.7,5.376500011447981,12
2017-12-18,10.6,9.6,9.123848475355754,12
2017-12-19,11.6,10.5,9.656286113348807,12
2017-12-20,16.3,16.0,13.602657236146955,12
2017-12-21,12.0,10.8,9.837376848968132,12
2017-12-22,12.0,10.9,9.903021048014669,12
2017-12-23,14.9,13.9,11.939370008146218,12
2017-12-24,8.1,5.1,6.766757328733192,12
2017-12-25,1.4,-8.2,2.606088560112477,12
2017-12-26,2.6,-7.7,2.6973319671842004,12
2017-12-27,3.1,-1.1,4.425025601134228,12
2017-12-28,3.2,-4.2,3.5147564623819623,12
2017-12-29,4.4,-2.1,4.09207034545265,12
2017-12-30,3.9,-0.8,4.510126574826234,12
2017-12-31,-0.5,-5.3,3.2786043538401968,12
2018-01-01,-5.0,-15.9,1.4373566881239155,1
2018-01-02,-5.0,-17.7,1.2362792807744387,1
2018-01-03,-1.7,-14.8,1.5550391354075512,1
2018-01-04,-3.5,-14.1,1.6579171034470652,1
2018-01-05,-3.9,-17.1,1.2950015861647675,1
2018-01-06,-2.6,-15.1,1.522129758289992,1
2018-01-07,-2.0,-15.8,1.433304303044752,1
2018-01-08,0.7,-4.8,3.390111371668021,1
2018-01-09,8.3,6.5,7.450142416343685,1
2018-01-10,13.2,10.2,9.411900315056238,1
2018-01-11,13.1,12.5,10.964857372793531,1
2018-01-12,11.9,10.6,9.710643979015465,1
2018-01-13,-1.3,-8.6,2.5512805824364326,1
2018-01-14,-2.9,-10.5,2.2103103825016897,1
2018-01-15,0.2,-5.4,3.2454932770375744,1
2018-01-16,1.9,-2.2,4.098875627397925,1
2018-01-17,-6.4,-13.7,1.731559850329771,1
2018-01-18,-4.2,-14.8,1.5694938587335183,1
2018-01-19,0.9,-14.7,1.5530034730651379,1
2018-01-20,4.8,-2.2,4.056109880610898,1
2018-01-21,8.7,5.0,6.705486990707355,1
2018-01-22,11.8,9.6,9.085425530381453,1
2018-01-23,9.8,3.5,6.012750947570884,1
2018-01-24,4.6,-2.1,4.089123760145393,1
2018-01-25,5.3,-1.6,4.231915420880704,1
2018-01-26,6.4,-2.6,3.915241270812541,1
2018-01-27,10.7,7.1,7.697907411605979,1
2018-01-28,11.3,10.9,9.92739128789377,1
2018-01-29,10.0,3.9,6.180134756536528,1
2018-01-30,2.2,-6.4,2.9854832844456194,1
2018-01-31,3.2,-5.4,3.2102608549962763,1
2018-02-01,9.1,3.8,6.156393493447708,2
2018-02-02,2.6,-4.5,3.4437967099090345,2
2018-02-03,1.9,-8.0,2.642063614616933,2
2018-02-04,5.8,3.0,5.887233047441887,2
2018-02-05,4.9,0.1,4.798103335335227,2
2018-02-06,8.5,3.7,6.126238563306602,2
2018-02-07,13.0,11.6,10.337194212743848,2
2018-02-08,5.6,-0.8,4.482620870154648,2
2018-02-09,8.5,3.2,5.913892560733441,2
2018-02-10,13.2,12.6,11.033199260098556,2
2018-02-11,16.9,16.7,14.193724885716273,2
2018-02-12,13.5,11.5,10.251134208939279,2
2018-02-13,9.5,6.8,7.573130481055897,2
2018-02-14,11.2,8.1,8.227065059944815,2
2018-02-15,17.2,15.2,12.882725240463609,2
2018-02-16,18.5,15.1,12.743080892465269,2
2018-02-17,14.8,11.6,10.272575530392958,2
2018-02-18,13.3,10.6,9.663184032879588,2
2018-02-19,16.0,14.6,12.4455756299804,2
2018-02-20,17.8,15.6,13.190530688669119,2
2018-02-21,19.6,18.0,15.2677015749071,2
2018-02-22,19.6,17.2,14.515959913080337,2
2018-02-23,18.7,15.8,13.319366183471763,2
2018-02-24,19.6,15.0,12.613749500849234,2
2018-02-25,16.6,13.7,11.716037783691222,2
2018-02-26,14.4,11.4,10.151627631575249,2
2018-02-27,11.3,5.7,6.97533120455394,2
2018-02-28,12.5,9.8,9.185632952757691,2
2018-03-01,16.3,14.9,12.675645164131426,3
2018-03-02,9.6,0.8,4.963286530469439,3
2018-03-03,8.7,-3.6,3.604678057620357,3
2018-03-04,9.1,-0.9,4.394801687540212,3
2018-03-05,10.5,3.0,5.789683266645213,3
2018-03-06,11.9,8.1,8.206861777917236,3
2018-03-07,6.8,-4.4,3.417767497513896,3
2018-03-08,3.8,-4.9,3.326935732956311,3
2018-03-09,5.1,-3.2,3.761967540500345,3
2018-03-10,10.7,5.8,7.038654973211739,3
2018-03-11,12.1,10.6,9.703835464393894,3
2018-03-12,7.2,1.6,5.301967483884461,3
2018-03-13,5.4,-2.8,3.8714143529991314,3
2018-03-14,4.5,-6.0,3.0526395198870855,3
2018-03-15,8.3,-2.7,3.860072910714687,3
2018-03-16,12.1,4.1,6.2214245147739415,3
2018-03-17,15.3,12.8,11.0974134653341,3
2018-03-18,16.6,11.2,9.941895763729965,3
2018-03-19,15.2,13.9,11.926948260261897,3
2018-03-20,14.9,11.7,10.337103287973363,3
2018-03-21,5.3,-2.7,3.901661054841618,3
2018-03-22,5.7,-2.5,3.954266815573984,3
2018-03-23,8.3,1.1,5.0950912703398314,3
2018-03-24,14.0,8.6,8.427901784337552,3
2018-03-25,8.2,6.6,7.504253506147589,3
2018-03-26,7.7,1.3,5.179885883113833,3
2018-03-27,9.4,5.1,6.735623778822193,3
2018-03-28,16.2,12.4,10.776372653493283,3
2018-03-29,17.6,13.8,11.75190097230295,3
2018-03-30,14.4,9.3,8.823465572568807,3
2018-03-31,11.2,4.5,6.4185169519925696,3
2018-04-01,14.6,7.3,7.698258193411321,4
2018-04-02,17.4,9.7,8.970339838794464,4
2018-04-03,18.0,14.5,12.280476900029933,4
2018-04-04,14.3,7.5,7.812359853471713,4
2018-04-05,9.8,1.0,5.0317492922307565,4
2018-04-06,13.8,5.6,6.866798821950728,4
2018-04-07,11.7,8.9,8.670060401213943,4
2018-04-08,6.3,2.1,5.512574239919189,4
2018-04-09,10.4,7.6,7.974064205328808,4
2018-04-10,12.0,7.0,7.610470967186797,4
2018-04-11,11.7,4.1,6.230160936771167,4
2018-04-12,14.6,6.4,7.237015705217688,4
2018-04-13,17.2,9.9,9.097723335328688,4
2018-04-14,20.3,14.7,12.342639812410367,4
2018-04-15,14.8,10.5,9.548975415093153,4
2018-04-16,6.3,-0.5,4.570335199369094,4
2018-04-17,10.9,3.8,6.11738096646934,4
2018-04-18,17.8,10.4,9.387673936606744,4
2018-04-19,15.1,7.8,7.951748571647159,4
2018-04-20,10.8,2.1,5.425211732155018,4
2018-04-21,13.5,4.2,6.23462501541052,4
2018-04-22,14.5,11.7,10.351477844952989,4
2018-04-23,14.9,14.3,12.253080886865774,4
2018-04-24,15.9,13.4,11.517205870834857,4
2018-04-25,15.2,11.2,9.990165762236025,4
2018-04-26,12.8,10.6,9.680080665215451,4
2018-04-27,14.3,9.4,8.886137308030628,4
2018-04-28,16.3,8.3,8.192636371173284,4
2018-04-29,13.9,4.6,6.4027618721576305,4
2018-04-30,13.9,6.4,7.254663888438913,4
2018-05-01,17.1,10.3,9.347690979526295,5
2018-05-02,18.9,12.5,10.747099547892994,5
2018-05-03,19.5,13.6,11.52470572665426,5
2018-05-04,20.3,13.7,11.568314696965519,5
2018-05-05,20.6,16.2,13.575784354721778,5
2018-05-06,19.2,13.1,11.166396961266697,5
2018-05-07,19.9,12.3,10.570602396530326,5
2018-05-08,18.9,14.3,12.085259200348181,5
2018-05-09,20.5,14.3,12.01941069116869,5
2018-05-10,21.6,15.0,12.528160021623794,5
2018-05-11,22.0,16.6,13.86007015893251,5
2018-05-12,23.4,17.5,14.604391002082926,5
2018-05-13,24.1,15.1,12.503009393734215,5
2018-05-14,24.2,17.3,14.382125225457504,5
2018-05-15,21.9,19.0,16.12860744975149,5
2018-05-16,20.3,19.4,16.626053042356233,5
2018-05-17,21.0,20.0,17.21626522665906,5
2018-05-18,21.2,19.2,16.36997310594911,5
2018-05-19,22.2,19.9,17.040350451802333,5
2018-05-20,22.2,20.1,17.252859249660172,5
2018-05-21,21.4,18.6,15.756857976648057,5
2018-05-22,21.2,19.9,17.098241909087207,5
2018-05-23,21.0,20.3,17.538950295105153,5
2018-05-24,23.1,20.7,17.85001031821331,5
2018-05-25,22.0,20.7,17.916535852179212,5
2018-05-26,22.4,20.6,17.782295267798883,5
2018-05-27,22.8,19.9,17.00580336523,5
2018-05-28,21.3,20.0,17.19872445719736,5
2018-05-29,21.9,20.9,18.144760218663098,5
2018-05-30,22.9,21.0,18.19507138792628,5
2018-05-31,23.1,21.5,18.74951792730374,5
2018-06-01,22.5,20.8,17.99678673508446,6
2018-06-02,23.3,20.4,17.510765751127007,6
2018-06-03,25.2,21.8,18.962521547354296,6
2018-06-04,22.0,15.8,13.170445606119715,6
2018-06-05,20.3,14.5,12.184225079038047,6
2018-06-06,22.3,15.7,13.073113211192663,6
2018-06-07,23.7,17.8,14.868396198370807,6
2018-06-08,24.1,19.7,16.722565159195504,6
2018-06-09,24.2,21.1,18.227237133486227,6
2018-06-10,23.9,21.0,18.133818833178168,6
2018-06-11,23.3,21.1,18.282573660455824,6
2018-06-12,22.2,20.4,17.5759827557867,6
2018-06-13,23.0,21.6,18.871074161520877,6
2018-06-14,23.9,21.5,18.69902267619503,6
2018-06-15,25.0,22.1,19.32604415567729,6
2018-06-16,24.6,22.3,19.589339896890085,6
2018-06-17,24.2,22.4,19.735472935495558,6
2018-06-18,25.4,21.9,19.065971357415787,6
2018-06-19,26.8,22.3,19.4456607911286,6
2018-06-20,27.0,20.9,17.83645344833099,6
2018-06-21,25.0,22.0,19.208483603578042,6
2018-06-22,24.1,21.4,18.572257657908384,6
2018-06-23,24.5,22.0,19.240750500274796,6
2018-06-24,25.0,22.6,19.92335731959743,6
2018-06-25,25.2,22.9,20.27585656825606,6
2018-06-26,24.5,22.2,19.476897819925423,6
2018-06-27,24.3,21.9,19.136479236027846,6
2018-06-28,23.7,20.9,18.034736407332144,6
2018-06-29,24.5,21.1,18.208865989054694,6
2018-06-30,25.5,22.5,19.76946347297801,6
2018-07-01,24.5,22.3,19.595921230636733,7
2018-07-02,25.0,22.2,19.44423490223311,7
2018-07-03,26.5,22.8,20.065823071527245,7
2018-07-04,25.0,22.6,19.92335731959743,7
2018-07-05,25.0,22.5,19.802617025674603,7
2018-07-06,24.5,22.3,19.595921230636733,7
2018-07-07,24.0,21.7,18.92302273527043,7
2018-07-08,23.3,19.5,16.560535246793684,7
2018-07-09,24.1,18.8,15.810399638153086,7
2018-07-10,25.2,20.1,17.079376502051726,7
2018-07-11,26.3,22.1,19.242144147654646,7
2018-07-12,27.2,22.8,20.01905737766985,7
2018-07-13,25.9,23.3,20.724194923080784,7
2018-07-14,24.0,22.8,20.23464204402874,7
2018-07-15,24.7,23.1,20.55747183823487,7
2018-07-16,24.0,22.9,20.357737866865875,7
2018-07-17,25.3,22.5,19.78271156376238,7
2018-07-18,26.4,23.0,20.31739124819724,7
2018-07-19,25.0,22.9,20.289457679487487,7
2018-07-20,23.9,22.0,19.2796141606019,7
2018-07-21,24.7,21.7,18.87855029640963,7
2018-07-22,24.2,20.3,17.350200872053744,7
2018-07-23,23.0,20.9,18.07736451972496,7
2018-07-24,23.2,21.4,18.628660667498796,7
2018-07-25,24.0,21.5,18.692729887140274,7
2018-07-26,24.3,18.6,15.603235895181323,7
2018-07-27,24.7,19.2,16.177611494833375,7
2018-07-28,24.9,18.3,15.281636086180026,7
2018-07-29,23.9,17.8,14.858385495661922,7
2018-07-30,23.9,21.2,18.358076266825506,7
2018-07-31,23.3,22.0,19.318635137145534,7
2018-08-01,21.7,20.9,18.15706800921332,8
2018-08-02,21.5,20.8,18.057865257857525,8
2018-08-03,23.0,20.7,17.856037672701987,8
2018-08-04,24.4,22.2,19.483443576208376,8
2018-08-05,25.2,22.6,19.910001625064435,8
2018-08-06,25.3,23.2,20.640670149277675,8
2018-08-07,25.3,22.9,20.26906284851464,8
2018-08-08,24.8,22.4,19.695730415739565,8
2018-08-09,24.3,22.3,19.609097173639345,8
2018-08-10,24.0,21.9,19.15579925544837,8
2018-08-11,24.6,21.3,18.42768929803552,8
2018-08-12,25.1,21.0,18.060857952709387,8
2018-08-13,24.7,19.5,16.482694893107226,8
2018-08-14,24.2,18.8,15.805082537215421,8
2018-08-15,25.0,19.4,16.363961983160948,8
2018-08-16,25.2,21.8,18.962521547354296,8
2018-08-17,23.8,22.2,19.522810695742724,8
2018-08-18,24.1,22.6,19.98368035269293,8
2018-08-19,24.0,22.1,19.39108216394139,8
2018-08-20,23.7,22.1,19.410679013020665,8
2018-08-21,23.9,22.4,19.75540440117692,8
2018-08-22,23.5,19.6,16.652596745645532,8
2018-08-23,22.8,18.1,15.197906901160412,8
2018-08-24,21.5,16.2,13.534317509586026,8
2018-08-25,22.5,17.4,14.556580393931355,8
2018-08-26,23.9,19.8,16.83804228241951,8
2018-08-27,24.9,21.2,18.296482318605996,8
2018-08-28,24.9,21.6,18.750775416656293,8
2018-08-29,24.3,22.2,19.489993733739457,8
2018-08-30,24.0,21.3,18.464898160828124,8
2018-08-31,24.2,20.6,17.67465063527143,8
2018-09-01,24.7,21.4,18.534845018678087,9
2018-09-02,25.2,21.2,18.278084649105136,9
2018-09-03,24.8,21.1,18.190531839711795,9
2018-09-04,24.8,21.1,18.190531839711795,9
2018-09-05,25.1,21.3,18.396796273227416,9
2018-09-06,25.1,21.4,18.509986886213806,9
2018-09-07,25.3,21.6,18.725644539904195,9
2018-09-08,25.1,21.5,18.62378771488259,9
2018-09-09,25.0,21.8,18.975241669136857,9
2018-09-10,24.0,21.8,19.039099120488487,9
2018-09-11,24.1,22.4,19.742112287197994,9
2018-09-12,24.3,22.7,20.09191427282221,9
2018-09-13,24.9,22.3,19.56962239321934,9
2018-09-14,26.1,22.4,19.610168345428917,9
2018-09-15,25.8,20.8,17.798126771124668,9
2018-09-16,23.6,20.7,17.819934479429463,9
2018-09-17,24.2,21.2,18.339554582345777,9
2018-09-18,25.1,20.6,17.62131556210548,9
2018-09-19,25.3,20.3,17.286253071888694,9
2018-09-20,25.5,18.9,15.834965302363695,9
2018-09-21,24.8,19.0,15.971624863397137,9
2018-09-22,24.8,20.0,16.996692117542416,9
2018-09-23,24.1,19.0,16.009236763832387,9
2018-09-24,23.4,20.4,17.504860923694494,9
2018-09-25,23.4,21.3,18.502257590592066,9
2018-09-26,23.2,21.7,18.974105637879564,9
2018-09-27,22.8,21.4,18.653838786326297,9
2018-09-28,22.1,21.1,18.356880479736255,9
2018-09-29,23.0,20.8,17.966402155082626,9
2018-09-30,22.4,21.0,18.225853102336576,9
2018-10-01,22.7,19.2,16.286975101355825,10
2018-10-02,22.4,17.9,15.028165006388123,10
2018-10-03,23.3,18.8,15.85306558421658,10
2018-10-04,23.9,19.3,16.322591568305935,10
2018-10-05,24.7,19.9,16.897322497699577,10
2018-10-06,24.7,20.7,17.754123071246244,10
2018-10-07,24.5,18.9,15.888165252984773,10
2018-10-08,23.6,20.5,17.60143089592204,10
2018-10-09,22.9,19.8,16.894917953023867,10
2018-10-10,23.0,21.6,18.871074161520877,10
2018-10-11,22.0,17.9,15.048531823269556,10
2018-10-12,15.1,8.3,8.226742749821707,10
2018-10-13,15.6,10.0,9.20961566018307,10
2018-10-14,18.6,14.1,11.941936111919196,10
2018-10-15,20.8,18.4,15.59232280162724,10
2018-10-16,20.6,18.8,15.998778867884273,10
2018-10-17,17.6,12.5,10.795151927642815,10
2018-10-18,15.9,8.7,8.429354689373936,10
2018-10-19,15.1,10.9,9.796518479935411,10
2018-10-20,16.9,14.7,12.487321678854759,10
2018-10-21,11.0,1.2,5.083086913653607,10
2018-10-22,10.2,3.8,6.13249360693706,10
2018-10-23,12.9,7.5,7.850595489880944,10
2018-10-24,13.4,7.0,7.573288418402775,10
2018-10-25,11.8,5.8,7.011483467787865,10
2018-10-26,9.8,8.7,8.611079600507283,10
2018-10-27,12.1,8.4,8.3698485889783,10
2018-10-28,14.1,9.7,9.073393351302807,10
2018-10-29,13.9,7.2,7.664402929518398,10
2018-10-30,12.1,7.1,7.660126270935519,10
2018-10-31,15.9,11.5,10.166018408553692,10
2018-11-01,17.5,15.4,13.035841828207529,11
2018-11-02,13.6,10.9,9.847764435366635,11
2018-11-03,9.7,5.4,6.870315415872748,11
2018-11-04,12.0,7.5,7.875373802842167,11
2018-11-05,15.9,14.2,12.131863415880002,11
2018-11-06,17.5,14.8,12.542198076497758,11
2018-11-07,14.7,11.5,10.208398891757668,11
2018-11-08,14.8,13.0,11.263153684051058,11
2018-11-09,13.6,12.7,11.09029668343674,11
2018-11-10,5.0,-1.3,4.330852128241784,11
2018-11-11,6.2,-1.0,4.408068030376119,11
2018-11-12,6.4,3.9,6.259721539307165,11
2018-11-13,8.1,7.4,7.930212607901118,11
2018-11-14,7.6,6.8,7.624382299093319,11
2018-11-15,4.7,2.2,5.583991810723068,11
2018-11-16,4.0,-1.0,4.443059008787908,11
2018-11-17,8.5,4.1,6.300945651834784,11
2018-11-18,9.1,6.1,7.226925471105641,11
2018-11-19,10.6,7.7,8.022984927494624,11
2018-11-20,9.9,5.7,7.0098320478197085,11
2018-11-21,5.8,0.8,5.030898965729464,11
2018-11-22,7.4,2.1,5.490960154501578,11
2018-11-23,5.6,1.9,5.448072784341745,11
2018-11-24,7.2,5.8,7.126528318695032,11
2018-11-25,8.4,6.8,7.602718275512164,11
2018-11-26,7.5,3.4,6.019407918823357,11
2018-11-27,1.3,-5.8,3.1356671075443145,11
2018-11-28,-0.1,-7.0,2.8751674546347012,11
2018-11-29,5.3,1.3,5.224532053411815,11
2018-11-30,13.3,10.2,9.408614610634853,11
2018-12-01,12.8,11.2,10.074013979859268,12
2018-12-02,17.3,13.2,11.313100266870265,12
2018-12-03,11.0,3.9,6.15838520610001,12
2018-12-04,5.1,-1.4,4.297644376935747,12
2018-12-05,1.5,-4.5,3.4575894511466094,12
2018-12-06,1.3,-4.4,3.486259832133413,12
2018-12-07,5.1,1.3,5.228287332515795,12
2018-12-08,4.8,4.1,6.384822244429814,12
2018-12-09,2.6,0.8,5.089281111478636,12
2018-12-10,3.9,3.1,5.969713395895697,12
2018-12-11,3.6,-1.2,4.384791337842136,12
2018-12-12,3.2,-2.3,4.049545923796289,12
2018-12-13,6.5,1.0,5.091126272972261,12
2018-12-14,9.3,8.3,8.395675686443997,12
2018-12-15,10.7,8.3,8.354266681825285,12
2018-12-16,9.1,6.6,7.480324974152786,12
2018-12-17,8.9,4.5,6.470857278138937,12
2018-12-18,8.4,2.1,5.471457543404076,12
2018-12-19,8.4,4.9,6.6660048711994415,12
2018-12-20,9.0,7.8,8.12366303660214,12
2018-12-21,7.3,6.0,7.223231032093135,12
2018-12-22,5.1,0.1,4.794654563845318,12
2018-12-23,7.2,5.3,6.883587187102,12
2018-12-24,4.4,0.7,5.019939937152829,12
2018-12-25,5.1,1.3,5.228287332515795,12
2018-12-26,7.6,3.9,6.232965828364445,12
2018-12-27,8.3,5.1,6.761948831786144,12
2018-12-28,15.1,14.1,12.086937938083002,12
2018-12-29,11.2,8.7,8.568682866057802,12
2018-12-30,11.0,9.3,8.929042848467924,12
2018-12-31,16.3,14.9,12.675645164131426,12
2019-01-01,16.0,14.8,12.607262220072881,1
2019-01-02,11.4,10.3,9.53494045618523,1
2019-01-03,11.5,10.3,9.53159074936767,1
2019-01-04,12.2,9.9,9.257136745795286,1
2019-01-05,8.7,2.7,5.704038452161086,1
2019-01-06,10.2,5.5,6.905970191298616,1
2019-01-07,10.9,6.9,7.587715976063134,1
2019-01-08,13.1,10.1,9.352434022341143,1
2019-01-09,7.3,-3.3,3.704737124276981,1
2019-01-10,1.5,-7.1,2.836504349181189,1
2019-01-11,2.9,-4.3,3.4922269616354185,1
2019-01-12,3.4,-1.3,4.355908586043942,1
2019-01-13,5.4,3.7,6.194417847263703,1
2019-01-14,5.6,2.5,5.686106870142514,1
2019-01-15,3.2,-1.2,4.391138059518044,1
2019-01-16,2.7,-0.9,4.496765547610023,1
2019-01-17,4.2,1.7,5.397823790112459,1
2019-01-18,9.3,7.9,8.170490521886386,1
2019-01-19,12.1,11.2,10.09873548655831,1
2019-01-20,2.2,-4.9,3.346267845441258,1
2019-01-21,-1.4,-11.5,2.0299310231154823,1
2019-01-22,1.9,-6.6,2.943299988922896,1
2019-01-23,10.9,8.1,8.235754091868715,1
2019-01-24,5.9,1.8,5.403455314431933,1
2019-01-25,1.7,-4.8,3.3777769660952797,1
2019-01-26,2.2,-4.4,3.474864757323462,1
2019-01-27,4.6,0.0,4.768570297029703,1
2019-01-28,5.9,0.8,5.029096099230368,1
2019-01-29,4.2,-1.5,4.280042418961305,1
2019-01-30,-0.9,-9.3,2.4118104399078346,1
2019-01-31,1.1,-5.3,3.2594766711924503,1
2019-02-01,5.3,-1.0,4.422315691454727,2
2019-02-02,9.0,4.6,6.51395638987364,2
2019-02-03,11.1,8.5,8.456418446802218,2
2019-02-04,10.2,8.7,8.598923497312638,2
2019-02-05,14.9,12.7,11.040245005990231,2
2019-02-06,17.4,15.6,13.208690083869492,2
2019-02-07,19.2,15.6,13.127364131582969,2
2019-02-08,10.9,3.5,5.989466222901537,2
2019-02-09,6.3,-5.4,3.174648728853895,2
2019-02-10,4.3,-2.5,3.974219864922708,2
2019-02-11,8.5,7.5,7.97323926817129,2
2019-02-12,14.5,13.3,11.49802597464384,2
2019-02-13,6.7,-3.1,3.768422496555816,2
2019-02-14,8.1,-0.9,4.41042764909591,2
2019-02-15,12.1,9.1,8.775551949716137,2
2019-02-16,13.4,10.5,9.595628933086978,2
2019-02-17,8.8,7.5,7.9647555945396125,2
2019-02-18,9.1,4.0,6.243559890308379,2
2019-02-19,5.2,2.1,5.534359156980124,2
2019-02-20,5.9,4.9,6.725725395041042,2
2019-02-21,14.7,13.9,11.94766555791738,2
2019-02-22,13.7,12.8,11.159312930366468,2
2019-02-23,10.1,8.7,8.601959304372588,2
2019-02-24,13.6,6.5,7.312441440557734,2
2019-02-25,7.9,-3.4,3.6693503483569354,2
2019-02-26,10.7,4.0,6.208366316855876,2
2019-02-27,14.3,12.3,10.77653516195238,2
2019-02-28,14.0,12.9,11.220881854083704,2
2019-03-01,15.4,14.2,12.152885532351808,3
2019-03-02,12.6,10.0,9.306304538505204,3
2019-03-03,12.6,10.6,9.686855874779907,3
2019-03-04,3.6,-3.0,3.8390985575446837,3
2019-03-05,0.8,-9.6,2.3410261218557378,3
2019-03-06,0.5,-9.7,2.3252256819673525,3
2019-03-07,4.8,-4.3,3.468354929877522,3
2019-03-08,11.6,3.1,5.808284798359623,3
2019-03-09,14.4,11.5,10.219049281837748,3
2019-03-10,16.3,11.7,10.287105206773974,3
2019-03-11,13.4,8.7,8.50289643330496,3
2019-03-12,12.6,6.2,7.187857533810572,3
2019-03-13,13.4,6.4,7.267322523735439,3
2019-03-14,17.2,13.5,11.540603199875546,3
2019-03-15,15.9,11.1,9.9000658754712,3
2019-03-16,8.4,-2.1,4.033934023727164,3
2019-03-17,9.1,-1.8,4.11394274341599,3
2019-03-18,8.4,-1.9,4.093894903257938,3
2019-03-19,6.9,-3.8,3.573961503109002,3
2019-03-20,8.0,-1.1,4.347904400901052,3
2019-03-21,9.9,2.0,5.403762769546963,3
2019-03-22,9.4,0.9,5.0027211401821114,3
2019-03-23,10.9,1.7,5.270503179678544,3
2019-03-24,13.3,4.8,6.506428900547574,3
2019-03-25,14.2,10.4,9.505285303134619,3
2019-03-26,11.6,9.4,8.970395677588776,3
2019-03-27,10.8,3.7,6.0766159230685135,3
2019-03-28,10.2,1.3,5.134183696038539,3
2019-03-29,13.9,6.8,7.457046962098762,3
2019-03-30,16.7,8.9,8.520499241972717,3
2019-03-31,10.7,3.0,5.7856038702973915,3
2019-04-01,8.1,-3.0,3.777672980623969,4
2019-04-02,9.6,-0.7,4.451591542840416,4
2019-04-03,11.7,2.3,5.485712449068989,4
2019-04-04,14.5,6.4,7.239531615422875,4
2019-04-05,16.9,13.0,11.181606975771427,4
2019-04-06,17.1,14.1,12.003651544022137,4
2019-04-07,19.4,16.3,13.718677619347782,4
2019-04-08,19.0,17.5,14.824344178222459,4
2019-04-09,18.2,16.7,14.130392665529449,4
2019-04-10,18.7,14.0,11.860659722704673,4
2019-04-11,19.9,14.4,12.122214573378534,4
2019-04-12,20.4,16.5,13.847232075437418,4
2019-04-13,20.3,15.1,12.6649158026495,4
2019-04-14,20.3,16.2,13.589663159650783,4
2019-04-15,11.5,3.3,5.893062657897358,4
2019-04-16,13.7,5.9,7.013408143030433,4
2019-04-17,17.1,10.8,9.664523715704608,4
2019-04-18,20.1,13.5,11.426476177609086,4
2019-04-19,16.8,13.3,11.406819008816349,4
2019-04-20,8.3,4.7,6.575945076648552,4
2019-04-21,12.8,5.3,6.748780094086538,4
2019-04-22,16.0,8.2,8.1456486572696,4
2019-04-23,18.8,12.0,10.402930635421054,4
2019-04-24,20.0,12.4,10.636682337671095,4
2019-04-25,19.1,14.3,12.076988706455726,4
2019-04-26,17.6,10.9,9.712283583289365,4
2019-04-27,16.0,5.2,6.627843936033486,4
2019-04-28,19.6,12.6,10.791995245531071,4
2019-04-29,21.9,14.9,12.435063524005564,4
2019-04-30,22.8,14.5,12.081300386699493,4
2019-05-01,22.9,16.5,13.730298854060646,5
2019-05-02,22.9,14.6,12.155508168920225,5
2019-05-03,22.2,17.9,15.038341519004604,5
2019-05-04,21.4,18.7,15.855819340231644,5
2019-05-05,20.6,16.6,13.926126663519762,5
2019-05-06,19.6,13.1,11.151139715205186,5
2019-05-07,21.0,14.5,12.15522981282922,5
2019-05-08,22.9,16.7,13.906062837703109,5
2019-05-09,22.0,16.6,13.86007015893251,5
2019-05-10,22.4,17.9,15.028165006388123,5
2019-05-11,21.8,19.7,16.852966582711865,5
2019-05-12,19.6,18.4,15.656236678183868,5
2019-05-13,18.0,12.2,10.569825353175338,5
2019-05-14,15.2,8.3,8.22388970915938,5
2019-05-15,16.9,9.7,8.98580327585496,5
2019-05-16,21.1,15.5,12.959242715063146,5
2019-05-17,23.1,18.0,15.087323666005243,5
2019-05-18,23.6,18.5,15.542353270945105,5
2019-05-19,24.7,15.2,12.558332293330901,5
2019-05-20,24.0,15.6,12.915311808407473,5
2019-05-21,25.5,15.0,12.364557731035037,5
2019-05-22,27.5,15.1,12.361614975178766,5
2019-05-23,26.2,18.5,15.40736039135781,5
2019-05-24,27.4,17.9,14.778153943230777,5
2019-05-25,28.1,17.2,14.106380961175995,5
2019-05-26,28.2,16.7,13.661489640292036,5
2019-05-27,28.0,16.7,13.67056252067742,5
2019-05-28,27.9,15.5,12.666524394311015,5
2019-05-29,27.8,15.8,12.916620769716676,5
2019-05-30,27.5,16.5,13.520222769814248,5
2019-05-31,25.8,15.5,12.755501484888212,5
2019-06-01,24.9,12.2,10.32512884273444,6
2019-06-02,25.0,14.3,11.838000836698596,6
2019-06-03,25.3,14.7,12.135860790590792,6
2019-06-04,24.3,14.0,11.63736271666283,6
2019-06-05,24.5,19.1,16.087827222745297,6
2019-06-06,22.4,20.3,17.455869495196012,6
2019-06-07,23.3,21.4,18.622376754303485,6
2019-06-08,21.7,20.9,18.15706800921332,6
2019-06-09,22.2,21.0,18.23819497002057,6
2019-06-10,23.4,21.3,18.502257590592066,6
2019-06-11,22.1,19.1,16.218600416088524,6
2019-06-12,20.5,17.6,14.842033465774517,6
2019-06-13,20.5,14.8,12.414063922813122,6
2019-06-14,19.0,11.2,9.860223506899736,6
2019-06-15,22.0,16.0,13.33995980688713,6
2019-06-16,24.6,19.2,16.18304478164944,6
2019-06-17,25.5,20.3,17.274676809995583,6
2019-06-18,23.4,21.8,19.07762031243687,6
2019-06-19,24.3,21.8,19.019896801657936,6
2019-06-20,24.7,21.1,18.196639119161087,6
2019-06-21,25.7,20.3,17.263116042513573,6
2019-06-22,24.1,21.3,18.458686252279485,6
2019-06-23,24.5,20.9,17.98626407699159,6
2019-06-24,25.7,21.3,18.359861095834287,6
2019-06-25,24.8,19.0,15.971624863397137,6
2019-06-26,25.0,19.5,16.466109924239436,6
2019-06-27,25.7,19.5,16.427541154130793,6
2019-06-28,25.8,18.2,15.140249657551827,6
2019-06-29,24.3,20.6,17.668708577569202,6
2019-06-30,25.4,21.6,18.719372342771422,6
2019-07-01,27.6,20.3,17.154055625287384,7
2019-07-02,28.3,20.4,17.220323459683534,7
2019-07-03,28.5,19.9,16.684460487120234,7
2019-07-04,28.0,20.9,17.77722564342204,7
2019-07-05,26.3,22.5,19.716648075488003,7
2019-07-06,27.1,21.6,18.613384222928914,7
2019-07-07,26.5,22.1,19.229301067963238,7
2019-07-08,26.8,22.9,20.167700640570743,7
2019-07-09,26.9,23.5,20.906153721580772,7
2019-07-10,27.1,21.9,18.95802081184507,7
2019-07-11,26.3,23.0,20.32417615093499,7
2019-07-12,26.5,22.3,19.465129165022606,7
2019-07-13,25.7,22.1,19.28077652673644,7
2019-07-14,26.4,21.2,18.204862477250934,7
2019-07-15,27.7,18.9,15.719170309293395,7
2019-07-16,28.3,19.8,16.592272217590697,7
2019-07-17,28.0,21.1,17.997240450413845,7
2019-07-18,26.8,22.8,20.045753903594395,7
2019-07-19,26.9,22.2,19.321108602235636,7
2019-07-20,24.3,22.4,19.728838047973117,7
2019-07-21,25.9,21.1,18.123621339716202,7
2019-07-22,27.0,20.7,17.618076151160068,7
2019-07-23,24.3,20.1,17.131053889349914,7
2019-07-24,24.3,16.1,13.321623403165438,7
2019-07-25,23.6,13.8,11.51428882122016,7
2019-07-26,25.1,14.3,11.834031683023255,7
2019-07-27,25.8,15.5,12.755501484888212,7
2019-07-28,25.9,16.0,13.165989423182534,7
2019-07-29,26.0,19.0,15.907556837871226,7
2019-07-30,26.3,18.5,15.402215171657906,7
2019-07-31,25.8,19.3,16.21885206678467,7
2019-08-01,25.8,20.7,17.688795975148665,8
2019-08-02,25.1,20.4,17.40508468372708,8
2019-08-03,25.1,21.3,18.396796273227416,8
2019-08-04,24.6,21.3,18.42768929803552,8
2019-08-05,24.2,21.2,18.339554582345777,8
2019-08-06,26.2,19.7,16.60525302679427,8
2019-08-07,27.6,19.5,16.32375951425432,8
2019-08-08,27.6,20.5,17.36733040187819,8
2019-08-09,28.3,19.6,16.38743680409934,8
2019-08-10,27.1,22.9,20.147549732353685,8
2019-08-11,28.0,22.9,20.087337895199052,8
2019-08-12,28.3,22.5,19.585836013285395,8
2019-08-13,28.7,23.8,21.160762510491896,8
2019-08-14,28.1,22.0,19.01081953993956,8
2019-08-15,28.6,17.6,14.443622625433925,8
2019-08-16,27.8,15.5,12.670733241094304,8
2019-08-17,28.3,17.1,14.008025438414572,8
2019-08-18,28.4,19.7,16.48410709192792,8
2019-08-19,27.0,22.2,19.314671451277036,8
2019-08-20,26.4,21.5,18.542963398309908,8
2019-08-21,27.4,21.2,18.144290650675483,8
2019-08-22,28.2,20.3,17.119901208910505,8
2019-08-23,27.2,21.8,18.836252051450487,8
2019-08-24,25.5,22.8,20.13301149634401,8
2019-08-25,21.7,18.4,15.544728802911067,8
2019-08-26,21.9,18.7,15.828949624352587,8
2019-08-27,23.1,21.7,18.980510399276312,8
2019-08-28,25.4,19.6,16.546618069320875,8
2019-08-29,23.7,14.3,11.889843184981258,8
2019-08-30,23.8,15.1,12.515640822655314,8
2019-08-31,25.4,16.3,13.442971487322705,8
2019-09-01,25.2,18.9,15.850887841632035,9
2019-09-02,26.5,18.0,14.91613427683649,9
2019-09-03,27.4,17.9,14.778153943230777,9
2019-09-04,28.6,18.1,14.905784746970749,9
2019-09-05,28.7,16.4,13.381000548947418,9
2019-09-06,26.5,13.5,11.18242662801223,9
2019-09-07,27.9,18.2,15.034637552317285,9
2019-09-08,27.0,16.3,13.371311469399277,9
2019-09-09,28.4,16.1,13.140497036218072,9
2019-09-10,27.2,21.2,18.156372748661617,9
2019-09-11,27.1,20.4,17.289147400238473,9
2019-09-12,28.9,17.9,14.704764666902864,9
2019-09-13,28.1,18.6,15.406414994262853,9
2019-09-14,25.7,20.9,17.91404217004031,9
2019-09-15,26.4,20.5,17.436904084008898,9
2019-09-16,27.4,18.3,15.154522160991371,9
2019-09-17,28.1,17.1,14.017325372315595,9
2019-09-18,26.2,18.1,15.025289952892681,9
2019-09-19,22.7,13.2,11.106607985507754,9
2019-09-20,21.9,10.9,9.570738694598823,9
2019-09-21,23.2,13.7,11.455110335159548,9
2019-09-22,23.4,13.2,11.080391072373862,9
2019-09-23,25.0,13.6,11.312108438387956,9
2019-09-24,26.7,16.8,13.81732952448274,9
2019-09-25,25.0,13.2,11.020928970358774,9
2019-09-26,27.1,18.8,15.65242728539885,9
2019-09-27,27.7,18.4,15.234712606077208,9
2019-09-28,26.6,21.0,17.970478346607422,9
2019-09-29,26.6,20.6,17.533135500910625,9
2019-09-30,27.5,18.4,15.244847123027865,9
2019-10-01,27.6,19.8,16.630890972544357,10
2019-10-02,28.0,19.5,16.30207761551382,10
2019-10-03,29.0,18.4,15.169165273997443,10
2019-10-04,28.5,16.2,13.220244171057592,10
2019-10-05,24.3,17.3,14.377290085021981,10
2019-10-06,20.6,15.9,13.318136995011363,10
2019-10-07,22.7,18.1,15.203043932392848,10
2019-10-08,21.5,18.6,15.751510324186949,10
2019-10-09,19.8,15.2,12.76838803061481,10
2019-10-10,19.8,14.6,12.284137884993454,10
2019-10-11,20.1,12.6,10.773594571625647,10
2019-10-12,21.1,12.5,10.66674740174052,10
2019-10-13,18.1,15.7,13.261635358787542,10
2019-10-14,17.6,11.6,10.173647889859508,10
2019-10-15,18.6,15.6,13.15436128146797,10
2019-10-16,18.1,13.0,11.135536835442068,10
2019-10-17,12.5,3.4,5.914044573491249,10
2019-10-18,13.6,4.8,6.499621825847785,10
2019-10-19,12.8,9.5,8.993022633864882,10
2019-10-20,16.8,13.9,11.861133060343224,10
2019-10-21,18.6,15.4,12.986692124656445,10
2019-10-22,17.6,10.6,9.52027193884216,10
2019-10-23,12.8,4.0,6.162772439375906,10
2019-10-24,14.0,6.6,7.352678822756831,10
2019-10-25,17.5,14.0,11.90962855692881,10
2019-10-26,20.3,18.6,15.815922702408194,10
2019-10-27,17.3,14.1,11.995385989507405,10
2019-10-28,14.6,12.5,10.907699124108248,10
2019-10-29,16.8,14.8,12.572477568318929,10
2019-10-30,20.0,19.4,16.64306759433545,10
2019-10-31,15.8,13.7,11.748475334225754,10
2019-11-01,6.0,-0.8,4.476197626923189,11
2019-11-02,7.3,1.0,5.076603538016376,11
2019-11-03,8.3,1.0,5.0585662186416505,11
2019-11-04,10.0,4.0,6.223714564857992,11
2019-11-05,13.8,8.9,8.606609880765959,11
2019-11-06,13.4,7.8,7.9989234890151595,11
2019-11-07,14.9,12.4,10.825007558716479,11
2019-11-08,9.3,3.6,6.066007549261946,11
2019-11-09,6.2,-0.7,4.505772359900225,11
2019-11-10,8.7,3.6,6.078920817062397,11
2019-11-11,11.5,6.8,7.519920359987527,11
2019-11-12,5.4,1.2,5.185277855015876,11
2019-11-13,0.0,-7.9,2.681152838276079,11
2019-11-14,3.4,-1.8,4.198735633083216,11
2019-11-15,7.1,6.1,7.2785003183570645,11
2019-11-16,8.8,3.3,5.94949560408045,11
2019-11-17,10.3,4.4,6.393991248421492,11
2019-11-18,11.5,6.3,7.2655799183294505,11
2019-11-19,9.0,3.7,6.115382212848855,11
2019-11-20,9.8,4.1,6.271996263789599,11
2019-11-21,10.5,5.0,6.662934984420476,11
2019-11-22,13.3,9.8,9.159979238803402,11
2019-11-23,14.9,13.7,11.785182946795807,11
2019-11-24,7.9,2.4,5.59960310260248,11
2019-11-25,7.6,3.4,6.017263873260107,11
2019-11-26,9.8,4.9,6.633022341354312,11
2019-11-27,15.8,9.9,9.141802977721698,11
2019-11-28,9.6,0.4,4.821976639598977,11
2019-11-29,11.6,4.3,6.320375583160616,11
2019-11-30,15.2,9.0,8.622841946628261,11
2019-12-01,15.2,7.6,7.8413244509137625,12
2019-12-02,5.1,-3.1,3.7900917723670977,12
2019-12-03,3.7,-2.5,3.982832947526839,12
2019-12-04,6.8,-0.1,4.696874510413542,12
2019-12-05,9.0,0.7,4.938097925063858,12
2019-12-06,9.6,2.1,5.448236503432069,12
2019-12-07,11.4,4.8,6.5498736902542705,12
2019-12-08,10.0,2.9,5.758965677046268,12
2019-12-09,11.7,8.4,8.38160193086207,12
2019-12-10,12.7,10.2,9.428363320679916,12
2019-12-11,4.7,-3.7,3.62932565457857,12
2019-12-12,5.2,-3.0,3.8170308094143754,12
2019-12-13,4.7,3.9,6.29802107724786,12
2019-12-14,7.7,4.9,6.682619446274534,12
2019-12-15,8.8,5.9,7.135293938032557,12
2019-12-16,14.5,10.6,9.622871775485342,12
2019-12-17,12.2,9.6,9.07268969645066,12
2019-12-18,2.7,-5.0,3.3150425830328705,12
2019-12-19,2.7,-3.5,3.710709954415677,12
2019-12-20,4.5,-2.2,4.060492495284708,12
2019-12-21,6.0,-0.0,4.744654845065377,12
2019-12-22,5.5,3.2,5.977562676226713,12
2019-12-23,10.1,8.8,8.66032259043305,12
2019-12-24,13.9,11.3,10.102164333740085,12
2019-12-25,10.2,6.0,7.14930348667909,12
2019-12-26,9.8,6.9,7.617214076694585,12
2019-12-27,12.7,9.5,8.996168697406553,12
2019-12-28,14.6,13.2,11.419252728105885,12
2019-12-29,17.9,16.9,14.32574976682386,12
2019-12-30,13.0,7.2,7.688509036932573,12
2019-12-31,6.9,-0.9,4.429326107153098,12
2020-01-01,6.5,-1.9,4.121709672849177,1
2020-01-02,8.0,3.8,6.180480396676563,1
2020-01-03,15.6,14.9,12.706374000892957,1
2020-01-04,10.9,6.4,7.331284172421722,1
2020-01-05,4.2,-2.1,4.0950211803871746,1
2020-01-06,8.0,3.2,5.924409887001862,1
2020-01-07,9.9,3.4,5.968368953957871,1
2020-01-08,6.6,-0.8,4.466597203058474,1
2020-01-09,8.7,2.3,5.5441021504960135,1
2020-01-10,13.5,10.6,9.656441884592216,1
2020-01-11,17.5,16.6,14.074659237601686,1
2020-01-12,14.1,11.5,10.229721918163426,1
2020-01-13,15.8,14.8,12.615988478747441,1
2020-01-14,16.8,16.4,13.930177670976988,1
2020-01-15,16.4,15.1,12.835501786522176,1
2020-01-16,14.6,9.0,8.640821808202462,1
2020-01-17,8.1,-3.5,3.6394643232908956,1
2020-01-18,7.8,2.7,5.72231086578253,1
2020-01-19,7.0,-0.1,4.693521396360061,1
2020-01-20,-1.6,-9.1,2.4562299865233514,1
2020-01-21,-1.1,-9.0,2.470982330356033,1
2020-01-22,0.4,-7.9,2.677232307713804,1
2020-01-23,4.2,-1.9,4.155890066746972,1
2020-01-24,8.0,6.4,7.406904745425538,1
2020-01-25,5.0,-0.2,4.693047444769479,1
2020-01-26,5.3,0.5,4.931969823463888,1
2020-01-27,7.9,5.0,6.724573948873396,1
2020-01-28,6.6,1.9,5.428597993334268,1
2020-01-29,6.9,1.9,5.422782676790793,1
2020-01-30,6.8,3.5,6.077184785194433,1
2020-01-31,4.9,3.1,5.948243468199615,1
2020-02-01,6.0,3.5,6.094601041071759,2
2020-02-02,8.5,1.7,5.315414266599291,2
2020-02-03,12.0,5.5,6.862376481516615,2
2020-02-04,14.6,11.4,10.144571765280494,2
2020-02-05,16.6,15.6,13.24515928858768,2
2020-02-06,16.8,15.9,13.492680607982713,2
2020-02-07,4.2,-1.3,4.343344220192725,2
2020-02-08,1.8,-0.9,4.511484911104654,2
2020-02-09,4.4,1.3,5.241473429193011,2
2020-02-10,9.3,7.3,7.842711259175457,2
2020-02-11,16.7,15.8,13.411271418479332,2
2020-02-12,15.1,13.3,11.474092529423418,2
2020-02-13,14.7,11.4,10.141047508978504,2
2020-02-14,4.9,-3.7,3.6267150984522774,2
2020-02-15,4.2,-3.7,3.635868516764578,2
2020-02-16,6.8,4.4,6.473930413877735,2
2020-02-17,8.8,7.4,7.910524192134029,2
2020-02-18,12.6,12.1,10.698903590715938,2
2020-02-19,12.1,10.1,9.385220819965475,2
2020-02-20,5.9,4.4,6.494810318455733,2
2020-02-21,3.8,-2.3,4.040772760574488,2
2020-02-22,3.5,-2.5,3.985712277328051,2
2020-02-23,6.3,0.0,4.739561281087851,2
2020-02-24,8.1,5.0,6.719792029620863,2
2020-02-25,14.1,11.1,9.962102841792689,2
2020-02-26,9.1,5.3,6.837249487702552,2
2020-02-27,3.5,-5.2,3.255785575868654,2
2020-02-28,4.2,-2.6,3.946297808745793,2
2020-02-29,5.6,-2.7,3.897461957742237,2
2020-03-01,7.4,-0.8,4.453860515257916,3
2020-03-02,10.4,7.0,7.653414904931459,3
2020-03-03,16.0,15.1,12.853257970906089,3
2020-03-04,13.3,11.7,10.394842388202923,3
2020-03-05,10.3,8.6,8.537914966916661,3
2020-03-06,8.4,1.2,5.1300271586385096,3
2020-03-07,5.5,-2.4,3.986515840145524,3
2020-03-08,7.6,0.0,4.717614959928762,3
2020-03-09,11.8,6.3,7.257930597481937,3
2020-03-10,14.2,11.4,10.158693319851965,3
2020-03-11,16.2,12.8,11.062895849578783,3
2020-03-12,17.0,14.7,12.48301793193804,3
2020-03-13,18.4,15.3,12.912416449516344,3
2020-03-14,17.2,13.0,11.170053739702093,3
2020-03-15,14.8,12.8,11.116683153587848,3
2020-03-16,12.1,10.4,9.575262863648492,3
2020-03-17,14.3,12.2,10.705878071236734,3
2020-03-18,16.7,15.5,13.15596746216088,3
2020-03-19,19.3,15.7,13.207219347741056,3
2020-03-20,20.5,16.0,13.408101947906475,3
2020-03-21,16.9,13.2,11.32870185317176,3
2020-03-22,12.9,9.3,8.869734400951444,3
2020-03-23,13.4,12.4,10.881673101686552,3
2020-03-24,18.1,16.3,13.77991120185474,3
2020-03-25,17.8,13.7,11.667715923095143,3
2020-03-26,15.8,11.4,10.10244168700281,3
2020-03-27,20.6,15.2,12.733614548318666,3
2020-03-28,21.4,17.3,14.518842083822063,3
2020-03-29,20.9,14.5,12.159363541723229,3
2020-03-30,17.0,6.7,7.326862492738555,3
2020-03-31,13.3,7.5,7.839632884902929,3
2020-04-01,9.4,2.9,5.771194944100693,4
2020-04-02,10.6,3.6,6.038216149036252,4
2020-04-03,13.9,5.4,6.76979172750255,4
2020-04-04,16.3,7.7,7.864992133966488,4
2020-04-05,17.8,10.1,9.201355005654415,4
2020-04-06,19.3,12.1,10.453792788671839,4
2020-04-07,19.1,13.6,11.540479489838729,4
2020-04-08,19.7,16.8,14.147605456432132,4
2020-04-09,20.3,13.2,11.19744410465997,4
2020-04-10,12.6,-1.9,4.033722169771732,4
2020-04-11,11.7,1.1,5.034275717174463,4
2020-04-12,15.8,11.0,9.837947550808968,4
2020-04-13,19.0,13.4,11.394996943230584,4
2020-04-14,12.7,6.0,7.086776781355676,4
2020-04-15,9.8,-1.1,4.320244998456726,4
2020-04-16,11.5,-0.3,4.552655686279154,4
2020-04-17,14.2,5.0,6.5771411460966345,4
2020-04-18,15.6,6.9,7.464210296106433,4
2020-04-19,10.7,7.0,7.64532603943391,4
2020-04-20,15.1,10.6,9.60284151333342,4
2020-04-21,15.9,8.2,8.14846673326243,4
2020-04-22,14.5,5.4,6.755670833928757,4
2020-04-23,14.5,12.6,10.983336026870228,4
2020-04-24,17.2,13.3,11.39110443122542,4
2020-04-25,17.2,11.9,10.3915128848639,4
2020-04-26,13.9,6.9,7.508415687165069,4
2020-04-27,13.2,5.3,6.739352777733702,4
2020-04-28,16.6,7.6,7.803437119658268,4
2020-04-29,17.2,12.4,10.73925754189179,4
2020-04-30,13.3,9.2,8.797892729297923,4
2020-05-01,14.3,7.0,7.549576609126161,5
2020-05-02,17.1,9.0,8.566396125099944,5
2020-05-03,19.7,11.4,9.96790345043354,5
2020-05-04,21.4,16.7,13.976879657450366,5
2020-05-05,21.5,17.1,14.331305849007546,5
2020-05-06,15.3,7.4,7.7322665833669255,5
2020-05-07,12.6,3.2,5.829038809205856,5
2020-05-08,13.0,8.2,8.231047734578036,5
2020-05-09,10.8,2.2,5.464032838913204,5
2020-05-10,13.0,3.0,5.739100676512019,5
2020-05-11,13.5,2.0,5.33589761702518,5
2020-05-12,13.8,4.4,6.316002158442489,5
2020-05-13,17.0,9.3,8.744399536074997,5
2020-05-14,20.5,12.5,10.688542220201425,5
2020-05-15,21.4,13.1,11.082994913007363,5
2020-05-16,21.9,14.1,11.80837099017938,5
2020-05-17,23.0,16.2,13.46576617997475,5
2020-05-18,20.9,19.1,16.284787528822097,5
2020-05-19,19.8,14.9,12.524203764321015,5
2020-05-20,15.6,12.9,11.158705539048087,5
2020-05-21,16.5,12.8,11.051437645695222,5
2020-05-22,21.5,17.2,14.422356234699707,5
2020-05-23,22.0,18.9,16.022742292227402,5
2020-05-24,23.4,19.2,16.248530041261578,5
2020-05-25,22.6,19.2,16.292482108997874,5
2020-05-26,21.2,17.5,14.71354561463459,5
2020-05-27,21.2,17.7,14.900447221734595,5
2020-05-28,22.5,19.6,16.70892211938355,5
2020-05-29,22.4,19.8,16.923500118398632,5
2020-05-30,23.1,17.4,14.52709871212086,5
2020-05-31,22.1,13.6,11.42321805556433,5
2020-06-01,22.3,15.0,12.498477462763965,6
2020-06-02,23.1,15.5,12.871754156649217,6
2020-06-03,24.7,17.7,14.725353834875198,6
2020-06-04,24.7,18.6,15.582281406821169,6
2020-06-05,25.3,19.4,16.34751303494534,6
2020-06-06,25.1,20.1,17.08510303231226,6
2020-06-07,24.8,20.0,16.996692117542416,6
2020-06-08,24.9,21.4,18.52240761219013,6
2020-06-09,24.7,22.0,19.22783074167129,6
2020-06-10,25.0,22.3,19.563058709706603,6
2020-06-11,23.5,17.3,14.41606248370062,6
2020-06-12,23.4,16.0,13.276982421186096,6
2020-06-13,23.8,14.8,12.276106654096896,6
2020-06-14,22.4,15.5,12.902240463229,6
2020-06-15,20.1,16.3,13.685930562796907,6
2020-06-16,18.7,12.2,10.544473707647763,6
2020-06-17,18.9,13.4,11.398898671339891,6
2020-06-18,21.3,15.6,13.033740546334794,6
2020-06-19,23.1,17.7,14.804883172042455,6
2020-06-20,24.6,18.0,15.011316997662648,6
2020-06-21,25.6,18.1,15.055466267442421,6
2020-06-22,24.5,19.4,16.391450580478537,6
2020-06-23,23.7,20.6,17.704420974896276,6
2020-06-24,22.5,20.3,17.449965260629735,6
2020-06-25,22.6,20.2,17.33650375564314,6
2020-06-26,23.6,19.6,16.646985087096027,6
2020-06-27,23.5,19.1,16.142058900556673,6
2020-06-28,25.2,22.4,19.66932420770774,6
2020-06-29,25.3,22.1,19.306617741716146,6
2020-06-30,25.2,21.3,18.390630093816245,6
2020-07-01,22.8,20.7,17.868104601353924,7
2020-07-02,24.9,21.6,18.750775416656293,7
2020-07-03,26.4,21.7,18.771411135989347,7
2020-07-04,26.5,21.2,18.198787101820514,7
2020-07-05,26.5,20.0,16.900265030608253,7
2020-07-06,23.6,20.7,17.819934479429463,7
2020-07-07,23.5,22.3,19.661978608794957,7
2020-07-08,24.4,22.2,19.483443576208376,7
2020-07-09,25.0,22.3,19.563058709706603,7
2020-07-10,26.1,23.3,20.71034416623996,7
2020-07-11,26.6,18.6,15.48351131616909,7
2020-07-12,25.2,18.4,15.362370663778542,7
2020-07-13,25.8,20.1,17.04509777349768,7
2020-07-14,26.2,20.0,16.917201992389387,7
2020-07-15,26.8,21.6,18.632000709899675,7
2020-07-16,26.7,22.4,19.570928388759725,7
2020-07-17,27.9,21.5,18.450571951382603,7
2020-07-18,27.6,22.1,19.15896945973461,7
2020-07-19,27.4,22.4,19.525346456062564,7
2020-07-20,28.3,20.6,17.434258969639938,7
2020-07-21,26.7,22.5,19.6903460603798,7
2020-07-22,26.4,22.4,19.59052871764181,7
2020-07-23,27.3,21.6,18.600993885619594,7
2020-07-24,25.6,20.5,17.48359704892005,7
2020-07-25,25.2,21.7,18.846912035480504,7
2020-07-26,25.8,21.0,18.01856793576041,7
2020-07-27,26.3,21.9,19.008668387899423,7
2020-07-28,26.2,22.5,19.723234562234452,7
2020-07-29,25.0,22.2,19.44423490223311,7
2020-07-30,25.6,22.5,19.762846079346886,7
2020-07-31,26.7,22.5,19.6903460603798,7
2020-08-01,26.8,21.2,18.1805852810819,8
2020-08-02,26.1,20.6,17.56243063123796,8
2020-08-03,25.3,21.1,18.160056832441377,8
2020-08-04,24.9,19.5,16.47163453753393,8
2020-08-05,26.0,20.3,17.245803875330708,8
2020-08-06,25.7,21.7,18.81537964124346,8
2020-08-07,26.0,21.1,18.117562967214205,8
2020-08-08,26.7,21.2,18.18664850778895,8
2020-08-09,27.3,20.9,17.818643709490917,8
2020-08-10,26.3,21.4,18.435810949451554,8
2020-08-11,25.8,20.7,17.688795975148665,8
2020-08-12,27.6,20.8,17.691604316634148,8
2020-08-13,26.5,21.7,18.76514669042419,8
2020-08-14,24.9,22.1,19.332528317447355,8
2020-08-15,25.2,22.4,19.66932420770774,8
2020-08-16,26.1,20.2,17.133737629846145,8
2020-08-17,25.7,19.6,16.530007778469958,8
2020-08-18,25.4,16.3,13.442971487322705,8
2020-08-19,24.4,20.4,17.44603094243523,8
2020-08-20,23.8,20.3,17.373572080502377,8
2020-08-21,22.6,20.4,17.55221135053796,8
2020-08-22,23.1,20.4,17.522587365136207,8
2020-08-23,23.8,20.9,18.02866308306633,8
2020-08-24,23.3,21.7,18.967705197455246,8
2020-08-25,23.0,22.3,19.695174588212133,8
2020-08-26,24.1,22.0,19.266642174623357,8
2020-08-27,26.5,23.0,20.31061087401129,8
2020-08-28,25.3,23.0,20.392275250117216,8
2020-08-29,26.0,22.4,19.616723641549736,8
2020-08-30,25.7,22.8,20.119537839662506,8
2020-08-31,25.2,23.0,20.39911026779783,8
2020-09-01,25.8,23.4,20.856769806188108,9
2020-09-02,26.8,22.6,19.803797249001413,9
2020-09-03,26.7,20.4,17.312211128636324,9
2020-09-04,27.2,20.3,17.176901046463065,9
2020-09-05,25.3,16.2,13.36199247511986,9
2020-09-06,23.5,13.8,11.518170260229507,9
2020-09-07,22.8,13.0,10.958692695801663,9
2020-09-08,23.7,14.6,12.122749514599402,9
2020-09-09,24.4,17.8,14.833417615481007,9
2020-09-10,24.8,21.5,18.64253964075762,9
2020-09-11,25.5,22.3,19.530306225678967,9
2020-09-12,24.7,22.2,19.46381949337184,9
2020-09-13,25.3,20.6,17.609507007532116,9
2020-09-14,25.0,21.3,18.402966588932003,9
2020-09-15,22.1,18.9,16.017315453178384,9
2020-09-16,19.0,16.0,13.476943819964868,9
2020-09-17,20.8,19.0,16.18896284418839,9
2020-09-18,21.9,17.9,15.053632156034604,9
2020-09-19,19.4,13.8,11.679593941880306,9
2020-09-20,16.3,9.1,8.648216250324852,9
2020-09-21,15.4,8.0,8.052375762637961,9
2020-09-22,15.0,9.7,9.045053757285203,9
2020-09-23,18.1,12.1,10.496864209603705,9
2020-09-24,18.0,16.2,13.69701753116786,9
2020-09-25,21.7,19.5,16.650400793325378,9
2020-09-26,21.4,18.8,15.955326064983893,9
2020-09-27,21.1,18.9,16.07174983024951,9
2020-09-28,22.0,18.9,16.022742292227402,9
2020-09-29,15.3,13.3,11.466136840375457,9
2020-09-30,15.1,9.5,8.921265644938986,9
2020-10-01,17.8,11.0,9.770321171356766,10
2020-10-02,14.4,5.2,6.664722914637741,10
2020-10-03,13.9,7.3,7.717031162355367,10
2020-10-04,15.6,9.1,8.669181623052912,10
2020-10-05,16.6,11.5,10.141458571155976,10
2020-10-06,18.0,13.2,11.285900644040765,10
2020-10-07,20.1,15.5,13.003434506077854,10
2020-10-08,20.2,14.1,11.87680197938444,10
2020-10-09,20.4,16.2,13.58503373939541,10
2020-10-10,21.1,19.4,16.580850519216437,10
2020-10-11,21.8,20.0,17.16956913518143,10
2020-10-12,21.6,19.0,16.14502333519653,10
2020-10-13,20.3,14.8,12.422524692227206,10
2020-10-14,17.8,11.7,10.234069778658625,10
2020-10-15,20.3,16.6,13.940363630631897,10
2020-10-16,15.2,9.2,8.739921526989388,10
2020-10-17,12.2,2.7,5.634074777436839,10
2020-10-18,14.1,8.8,8.539726279339119,10
2020-10-19,16.3,12.4,10.772649601963314,10
2020-10-20,18.1,14.1,11.962437289793735,10
2020-10-21,20.4,16.5,13.847232075437418,10
2020-10-22,20.8,16.9,14.184417314625222,10
2020-10-23,20.9,18.3,15.489514148906501,10
2020-10-24,19.2,18.2,15.482051086454998,10
2020-10-25,20.2,18.0,15.236473959618387,10
2020-10-26,18.9,17.2,14.5507524894856,10
2020-10-27,19.1,17.1,14.44899664126629,10
2020-10-28,21.0,20.2,17.430803963051023,10
2020-10-29,21.5,17.4,14.605983347923994,10
2020-10-30,11.8,5.1,6.678892783668048,10
2020-10-31,11.8,5.5,6.867193029319048,10
2020-11-01,14.7,8.6,8.407406626272461,11
2020-11-02,7.5,-5.2,3.2093820757671945,11
2020-11-03,8.9,-0.3,4.594623084911758,11
2020-11-04,11.0,4.2,6.289478306061677,11
2020-11-05,13.1,7.1,7.633366004486836,11
2020-11-06,16.3,10.7,9.626944422435924,11
2020-11-07,17.7,15.0,12.696149789835356,11
2020-11-08,18.9,16.0,13.481558421512538,11
2020-11-09,19.4,16.6,13.983249726231175,11
2020-11-10,20.2,17.8,15.045793119094506,11
2020-11-11,21.6,20.9,18.16322816799507,11
2020-11-12,18.9,16.6,14.007189547710771,11
2020-11-13,14.9,9.7,9.048193855794937,11
2020-11-14,12.8,7.9,8.070484517946527,11
2020-11-15,14.6,9.9,9.179926917159634,11
2020-11-16,9.8,-0.9,4.383929232402279,11
2020-11-17,9.5,-1.8,4.1081207830502855,11
2020-11-18,8.2,-2.0,4.066705087614533,11
2020-11-19,7.9,-1.2,4.317705044468285,11
2020-11-20,10.8,4.8,6.563713888226281,11
2020-11-21,13.5,9.4,8.91093727260912,11
2020-11-22,13.5,10.7,9.720980509590365,11
2020-11-23,10.4,4.2,6.302787024043116,11
2020-11-24,8.4,0.4,4.842528484626571,11
2020-11-25,13.8,9.6,9.02210142840981,11
2020-11-26,16.8,14.0,11.938380893503565,11
2020-11-27,12.8,6.9,7.537299258614208,11
2020-11-28,13.5,9.0,8.673980377848453,11
2020-11-29,11.6,10.1,9.4017005755756,11
2020-11-30,7.0,3.6,6.115808789180927,11
2020-12-01,1.2,-5.7,3.160778320120976,12
2020-12-02,2.1,-4.4,3.476127196835659,12
2020-12-03,4.7,-1.5,4.2723403451463655,12
2020-12-04,8.9,6.3,7.33255565946633,12
2020-12-05,6.1,2.2,5.555996865208252,12
2020-12-06,7.4,3.6,6.107089047546023,12
2020-12-07,5.5,2.3,5.60777028931384,12
2020-12-08,2.1,-4.3,3.5023769400888543,12
2020-12-09,5.2,0.6,4.969512093817232,12
2020-12-10,9.4,4.6,6.504734720944427,12
2020-12-11,9.8,4.9,6.633022341354312,12
2020-12-12,13.7,9.1,8.72660342916691,12
2020-12-13,14.1,11.7,10.365892435511668,12
2020-12-14,10.5,7.0,7.650716715294607,12
2020-12-15,5.5,0.7,5.000123199557752,12
2020-12-16,5.5,4.2,6.4136201710655865,12
2020-12-17,2.9,-1.3,4.363798295491585,12
2020-12-18,2.2,-3.8,3.6349661120235193,12
2020-12-19,3.5,-0.9,4.483762068708566,12
2020-12-20,7.8,5.3,6.8688865203916905,12
2020-12-21,8.0,4.5,6.491571386445268,12
2020-12-22,8.2,0.1,4.741825599395628,12
2020-12-23,8.1,1.7,5.322973966889565,12
2020-12-24,8.3,5.7,7.049681865821169,12
2020-12-25,-2.5,-13.0,1.8064594399150755,12
2020-12-26,-1.2,-10.1,2.267118476933838,12
2020-12-27,3.0,-2.8,3.9050605396628932,12
2020-12-28,6.8,3.1,5.90787317854225,12
2020-12-29,8.6,5.6,6.993532997191699,12
2020-12-30,8.6,6.6,7.493599730096269,12
2020-12-31,11.2,10.5,9.669869775896162,12
2021-01-01,16.5,16.0,13.593264757475353,1
2021-01-02,13.4,11.4,10.18705470409863,1
2021-01-03,6.9,1.8,5.384160705203467,1
2021-01-04,6.0,1.3,5.211430952077808,1
2021-01-05,8.3,3.8,6.17389256893095,1
2021-01-06,4.7,-0.8,4.497140786595675,1
2021-01-07,4.6,0.1,4.803285805184374,1
2021-01-08,3.7,2.2,5.6041615481647264,1
2021-01-09,1.8,-3.1,3.835581144430424,1
2021-01-10,1.4,-3.0,3.8698616856692456,1
2021-01-11,4.2,2.1,5.554313579756328,1
2021-01-12,4.4,2.7,5.792409431603683,1
2021-01-13,2.8,-1.9,4.1769744881763815,1
2021-01-14,4.3,0.1,4.808479482393079,1
2021-01-15,7.1,-0.2,4.6578809875562195,1
2021-01-16,2.9,-6.0,3.0703327755719956,1
2021-01-17,3.2,-2.7,3.9313100080356382,1
2021-01-18,4.8,-2.6,3.937779087086331,1
2021-01-19,6.0,-0.3,4.642355153499413,1
2021-01-20,8.1,1.5,5.247268630466097,1
2021-01-21,8.6,6.4,7.391131390155776,1
2021-01-22,7.9,3.7,6.139317172586034,1
2021-01-23,6.9,-0.9,4.429326107153098,1
2021-01-24,8.7,1.5,5.236098287452865,1
2021-01-25,14.4,12.2,10.702154935061728,1
2021-01-26,16.8,13.0,11.185463367209872,1
2021-01-27,12.3,9.3,8.88837808860452,1
2021-01-28,3.5,-4.6,3.406823674193208,1
2021-01-29,2.1,-6.1,3.0558476392173604,1
2021-01-30,3.7,-2.3,4.042232313675653,1
2021-01-31,7.5,6.1,7.268126542738527,1
2021-02-01,3.5,-1.6,4.259450023293809,2
2021-02-02,2.1,-6.4,2.9865679286906492,2
2021-02-03,1.4,-6.0,3.0871074947974844,2
2021-02-04,3.5,-3.4,3.7277097972373636,2
2021-02-05,9.2,2.8,5.734482456808123,2
2021-02-06,3.7,-1.4,4.319377091863362,2
2021-02-07,4.5,1.1,5.164824196063914,2
2021-02-08,5.5,1.5,5.296229328256199,2
2021-02-09,11.9,8.9,8.663977215526371,2
2021-02-10,11.9,8.5,8.432685295574569,2
2021-02-11,13.6,13.1,11.384467834790996,2
2021-02-12,10.2,9.2,8.89414636423995,2
2021-02-13,5.3,4.2,6.418226829475401,2
2021-02-14,6.5,4.8,6.6646399376429555,2
2021-02-15,6.9,6.2,7.334155651799219,2
2021-02-16,0.1,-5.0,3.3465855316728903,2
2021-02-17,1.8,-5.8,3.129964857848835,2
2021-02-18,6.1,4.7,6.627751985041128,2
2021-02-19,4.6,-0.3,4.665754963454045,2
2021-02-20,2.5,-6.2,3.028196542023277,2
2021-02-21,5.7,-2.2,4.043018616875737,2
2021-02-22,10.7,6.0,7.136710033294063,2
2021-02-23,9.6,1.0,5.035308442923758,2
2021-02-24,11.3,3.8,6.108778567500846,2
2021-02-25,14.2,5.5,6.809836971304899,2
2021-02-26,10.5,7.6,7.97125297169393,2
2021-02-27,14.6,12.1,10.624541098339112,2
2021-02-28,18.3,15.7,13.25253490563346,2
2021-03-01,14.9,12.2,10.683578030123241,3
2021-03-02,7.3,-0.1,4.688500692423858,3
2021-03-03,8.9,2.3,5.540170860192524,3
2021-03-04,11.1,1.2,5.081298668477299,3
2021-03-05,10.2,-1.0,4.345840142175997,3
2021-03-06,7.7,-3.9,3.537182053258107,3
2021-03-07,7.1,-4.9,3.287760396939341,3
2021-03-08,8.4,-0.6,4.5032993504094705,3
2021-03-09,10.3,2.9,5.752870458478217,3
2021-03-10,12.6,4.9,6.568026846845854,3
2021-03-11,14.7,8.9,8.579700209434746,3
2021-03-12,16.2,10.5,9.502773356751593,3
2021-03-13,16.7,13.4,11.485417826340575,3
2021-03-14,17.6,10.9,9.712283583289365,3
2021-03-15,17.2,10.2,9.282237489982275,3
2021-03-16,11.8,10.8,9.844281482657527,3
2021-03-17,12.7,11.9,10.55510150820442,3
2021-03-18,16.6,12.5,10.832408707375835,3
2021-03-19,10.0,5.3,6.815517103669594,3
2021-03-20,8.7,-1.1,4.337105986564948,3
2021-03-21,11.1,3.4,5.943172673413456,3
2021-03-22,13.6,6.1,7.113512516894742,3
2021-03-23,14.7,9.4,8.873789019257963,3
2021-03-24,16.8,13.7,11.70795636428533,3
2021-03-25,18.8,16.2,13.659485028941676,3
2021-03-26,20.1,16.7,14.038840249282199,3
2021-03-27,20.8,18.2,15.397780694421224,3
2021-03-28,18.5,14.0,11.868793211285302,3
2021-03-29,11.4,2.6,5.609935300910765,3
2021-03-30,14.5,10.6,9.622871775485342,3
2021-03-31,16.8,15.6,13.236023120773513,3
2021-04-01,6.7,-5.1,3.2430254168150836,4
2021-04-02,5.3,-5.5,3.1619505955560827,4
2021-04-03,7.1,-0.5,4.557288747417282,4
2021-04-04,11.5,3.2,5.851564516882394,4
2021-04-05,14.2,5.8,6.952922269518539,4
2021-04-06,16.3,8.8,8.47481904902457,4
2021-04-07,17.9,11.0,9.766964249463156,4
2021-04-08,18.3,13.8,11.723675442432949,4
2021-04-09,18.5,15.9,13.414033061150652,4
2021-04-10,16.9,15.0,12.731167613768708,4
2021-04-11,17.2,10.2,9.282237489982275,4
2021-04-12,17.9,8.8,8.428230110771903,4
2021-04-13,19.3,11.6,10.114508886909393,4
2021-04-14,18.3,11.8,10.284205268043738,4
2021-04-15,16.4,9.3,8.762519514391851,4
2021-04-16,13.6,3.4,5.8913577416487355,4
2021-04-17,15.2,6.1,7.074040971803598,4
2021-04-18,15.4,5.5,6.781516734376929,4
2021-04-19,14.9,5.0,6.561157814028356,4
2021-04-20,15.8,6.1,7.059351840178465,4
2021-04-21,12.1,1.3,5.099985802883506,4
2021-04-22,9.1,-2.8,3.8206641914186283,4
2021-04-23,12.5,1.9,5.316472216472121,4
2021-04-24,15.7,12.3,10.724303383428119,4
2021-04-25,15.0,10.4,9.478895477548958,4
2021-04-26,16.5,10.2,9.3046699644963,4
2021-04-27,19.6,13.5,11.445991935384678,4
2021-04-28,21.3,15.0,12.540924321187344,4
2021-04-29,21.2,15.9,13.290989442108334,4
2021-04-30,19.5,13.0,11.082265857927567,4
2021-05-01,18.3,8.0,7.972252620721164,5
2021-05-02,20.7,12.9,10.965037346946183,5
2021-05-03,20.4,18.2,15.418762170414304,5
2021-05-04,21.4,20.2,17.407132866173686,5
2021-05-05,20.0,16.1,13.517028419824525,5
2021-05-06,15.5,8.2,8.159758563137034,5
2021-05-07,14.0,5.9,7.006080883957094,5
2021-05-08,15.2,6.6,7.322079847250301,5
2021-05-09,20.0,10.8,9.568916965660115,5
2021-05-10,19.8,16.8,14.142776098024063,5
2021-05-11,18.7,14.8,12.490628305410565,5
2021-05-12,14.2,11.9,10.500002666157068,5
2021-05-13,13.5,5.8,6.969901322679756,5
2021-05-14,15.7,7.6,7.827751100643876,5
2021-05-15,17.1,8.4,8.225665150753006,5
2021-05-16,18.9,9.1,8.57122476855514,5
2021-05-17,19.9,10.7,9.508681327671313,5
2021-05-18,20.5,13.3,11.263092700855783,5
2021-05-19,21.8,13.5,11.360617525288573,5
2021-05-20,21.9,13.3,11.209649793615661,5
2021-05-21,22.3,12.1,10.347644951927837,5
2021-05-22,22.5,12.9,10.898279128699935,5
2021-05-23,23.9,13.8,11.502660184134266,5
2021-05-24,24.9,14.5,11.996177988403675,5
2021-05-25,26.1,16.1,13.241493337582487,5
2021-05-26,25.4,14.7,12.131795856479057,5
2021-05-27,23.9,16.7,13.859248958431259,5
2021-05-28,24.2,19.3,16.30612350887936,5
2021-05-29,19.9,13.3,11.286153119284425,5
2021-05-30,17.4,9.2,8.673744182782276,5
2021-05-31,19.7,11.3,9.902087321154486,5
2021-06-01,21.2,12.3,10.523917215230888,6
2021-06-02,22.5,14.1,11.784406766962373,6
2021-06-03,24.1,15.8,13.077399564831737,6
2021-06-04,24.3,18.1,15.121265918300297,6
2021-06-05,24.8,19.6,16.579938998475402,6
2021-06-06,24.0,20.0,17.042451342492893,6
2021-06-07,23.3,21.4,18.622376754303485,6
2021-06-08,23.9,21.6,18.8138987138004,6
2021-06-09,24.2,20.9,18.004410635670244,6
2021-06-10,23.1,21.2,18.407650818769675,6
2021-06-11,23.4,21.5,18.73055028144911,6
2021-06-12,24.9,21.7,18.865882253935947,6
2021-06-13,24.4,21.0,18.103346948061084,6
2021-06-14,25.3,21.6,18.725644539904195,6
2021-06-15,25.8,15.9,13.086478482303354,6
2021-06-16,23.5,12.1,10.305786957852956,6
2021-06-17,24.0,12.8,10.772501814153193,6
2021-06-18,26.0,14.9,12.264634774386902,6
2021-06-19,22.5,20.2,17.342367616206523,6
2021-06-20,23.7,21.2,18.370444854507383,6
2021-06-21,24.2,21.9,19.142914910901236,6
2021-06-22,22.6,18.9,15.990236306173854,6
2021-06-23,21.4,16.0,13.367133379741086,6
2021-06-24,22.4,18.7,15.802170822754968,6
2021-06-25,22.7,17.4,14.54673987989118,6
2021-06-26,23.4,18.0,15.072060819605646,6
2021-06-27,24.9,21.6,18.750775416656293,6
2021-06-28,25.1,21.4,18.509986886213806,6
2021-06-29,24.3,20.5,17.560008802705884,6
2021-06-30,24.3,20.5,17.560008802705884,6
2021-07-01,25.0,20.3,17.303646584957843,7
2021-07-02,23.2,21.3,18.51474435124035,7
2021-07-03,22.8,15.7,13.051026518827072,7
2021-07-04,23.0,15.6,12.958922518548981,7
2021-07-05,25.1,16.6,13.716009077649387,7
2021-07-06,25.8,18.0,14.951060833096015,7
2021-07-07,23.8,20.8,17.91799965727469,7
2021-07-08,23.8,21.3,18.47733452934863,7
2021-07-09,24.2,21.9,19.142914910901236,7
2021-07-10,24.1,21.9,19.149354915917517,7
2021-07-11,23.8,21.5,18.705319703531682,7
2021-07-12,23.8,21.1,18.251789734440575,7
2021-07-13,23.3,21.0,18.170520777181903,7
2021-07-14,24.9,21.1,18.184428658420163,7
2021-07-15,25.1,21.1,18.17223457382105,7
2021-07-16,25.4,22.2,19.418183339811765,7
2021-07-17,25.7,21.3,18.359861095834287,7
2021-07-18,23.8,21.5,18.705319703531682,7
2021-07-19,22.5,21.7,19.019029953612744,7
2021-07-20,22.6,21.2,18.438771107558804,7
2021-07-21,23.8,22.0,19.286106706202368,7
2021-07-22,25.4,21.8,18.94981846810636,7
2021-07-23,25.0,21.9,19.09155038992615,7
2021-07-24,25.9,22.7,19.984416988633896,7
2021-07-25,26.1,22.6,19.8501219209289,7
2021-07-26,25.9,23.2,20.5992576694597,7
2021-07-27,25.2,23.4,20.898714039081398,7
2021-07-28,27.0,23.0,20.276776772938472,7
2021-07-29,27.7,21.9,18.920211895484403,7
2021-07-30,27.9,21.8,18.79245408953049,7
2021-07-31,28.1,23.1,20.325453898815788,7
2021-08-01,26.5,22.2,19.346900170534965,8
2021-08-02,25.3,17.8,14.788686250582588,8
2021-08-03,23.0,20.0,17.09999802945049,8
2021-08-04,23.1,18.6,15.666438876022564,8
2021-08-05,23.7,18.5,15.537117511042482,8
2021-08-06,24.3,18.8,15.799769011400253,8
2021-08-07,24.2,20.7,17.783976985944825,8
2021-08-08,25.1,20.5,17.51290735411522,8
2021-08-09,26.4,21.3,18.3169570638961,8
2021-08-10,26.6,22.4,19.57745747245906,8
2021-08-11,25.2,21.7,18.846912035480504,8
2021-08-12,25.7,22.1,19.28077652673644,8
2021-08-13,26.7,21.6,18.63821448368987,8
2021-08-14,27.0,21.9,18.964336994024595,8
2021-08-15,24.2,22.0,19.260162725430614,8
2021-08-16,23.8,21.8,19.051922221428367,8
2021-08-17,23.2,21.4,18.628660667498796,8
2021-08-18,25.2,21.2,18.278084649105136,8
2021-08-19,25.0,23.2,20.661438893348727,8
2021-08-20,24.4,22.0,19.24721689264592,8
2021-08-21,24.0,22.4,19.748756107587425,8
2021-08-22,24.9,22.9,20.296265080151638,8
2021-08-23,26.0,22.8,20.099361134491524,8
2021-08-24,26.3,22.9,20.201375211685406,8
2021-08-25,25.6,22.9,20.24870897787178,8
2021-08-26,25.5,21.9,19.05958730539589,8
2021-08-27,25.3,22.1,19.306617741716146,8
2021-08-28,25.3,21.8,18.95616787955488,8
2021-08-29,25.8,22.2,19.39220149222546,8
2021-08-30,24.9,22.4,19.689122218988775,8
2021-08-31,23.0,21.8,19.103387822566788,8
2021-09-01,24.1,20.0,17.03671796945925,9
2021-09-02,23.4,18.8,15.847719751950788,9
2021-09-03,21.8,15.6,13.011645715776506,9
2021-09-04,21.0,14.1,11.84450063114882,9
2021-09-05,21.9,16.2,13.515969002540324,9
2021-09-06,23.4,20.9,18.05298095604973,9
2021-09-07,23.4,21.5,18.73055028144911,9
2021-09-08,23.3,21.5,18.73686856455973,9
2021-09-09,22.8,17.1,14.268353669234914,9
2021-09-10,20.3,13.4,11.344516466058323,9
2021-09-11,21.2,15.2,12.707658479934121,9
2021-09-12,22.1,17.2,14.393047466737574,9
2021-09-13,23.5,18.5,15.54759256077182,9
2021-09-14,23.9,19.4,16.424559048239143,9
2021-09-15,21.7,20.1,17.282116260427784,9
2021-09-16,20.7,20.0,17.233841811882808,9
2021-09-17,22.6,20.9,18.101814040630757,9
2021-09-18,22.5,21.1,18.332044517646302,9
2021-09-19,22.4,21.4,18.679085057733946,9
2021-09-20,21.7,20.9,18.15706800921332,9
2021-09-21,22.4,21.3,18.564860390763247,9
2021-09-22,20.9,17.9,15.104826280013638,9
2021-09-23,15.6,9.4,8.846130456081053,9
2021-09-24,16.7,10.3,9.36059101882873,9
2021-09-25,17.4,12.4,10.731865177381799,9
2021-09-26,18.3,13.6,11.572156908235954,9
2021-09-27,20.1,15.4,12.920264031947205,9
2021-09-28,20.3,15.7,13.16221263672473,9
2021-09-29,21.4,16.6,13.888303199487117,9
2021-09-30,21.2,17.1,14.34591224192313,9
2021-10-01,21.6,17.4,14.601027967653282,10
2021-10-02,21.8,18.9,16.033607009835286,10
2021-10-03,21.2,19.3,16.4723146776466,10
2021-10-04,20.6,19.2,16.40340964676126,10
2021-10-05,20.0,19.0,16.233142173116757,10
2021-10-06,20.9,20.0,17.22212010345779,10
2021-10-07,21.5,20.2,17.40122513399443,10
2021-10-08,21.3,19.1,16.26266521599639,10
2021-10-09,21.0,17.9,15.0996912039368,10
2021-10-10,20.5,17.3,14.563340493069262,10
2021-10-11,20.1,17.0,14.308747617175042,10
2021-10-12,19.6,17.4,14.700778799200016,10
2021-10-13,20.6,18.0,15.215726420609544,10
2021-10-14,21.0,17.8,15.004873063016738,10
2021-10-15,21.7,17.8,14.969250166139982,10
2021-10-16,18.2,11.9,10.355846116767575,10
2021-10-17,13.2,4.1,6.197525206353299,10
2021-10-18,13.4,5.6,6.876384302770063,10
2021-10-19,14.3,8.4,8.305789911310002,10
2021-10-20,16.3,10.6,9.563030113036303,10
2021-10-21,18.6,15.6,13.15436128146797,10
2021-10-22,17.8,14.0,11.897348479365384,10
2021-10-23,14.9,9.7,9.048193855794937,10
2021-10-24,16.1,11.3,10.025328511668421,10
2021-10-25,19.2,15.6,13.127364131582969,10
2021-10-26,13.4,7.9,8.053585928832002,10
2021-10-27,13.0,6.8,7.480500892785075,10
2021-10-28,13.0,11.1,10.000398536798707,10
2021-10-29,11.2,9.1,8.80332756692994,10
2021-10-30,11.8,10.3,9.52155573541852,10
2021-10-31,12.7,9.3,8.875940267245621,10
2021-11-01,13.1,9.1,8.74489499967346,11
2021-11-02,12.0,7.3,7.76845097371246,11
2021-11-03,10.1,5.5,6.908408309636232,11
2021-11-04,8.4,5.6,6.998500877139981,11
2021-11-05,7.9,3.7,6.139317172586034,11
2021-11-06,9.0,1.6,5.268143129920285,11
2021-11-07,9.3,1.9,5.376704863286463,11
2021-11-08,11.6,4.0,6.188743736749921,11
2021-11-09,13.0,7.3,7.741302796275058,11
2021-11-10,13.5,9.0,8.673980377848453,11
2021-11-11,15.9,12.3,10.716883003989663,11
2021-11-12,12.9,8.2,8.233925220239486,11
2021-11-13,8.7,3.0,5.826658359353964,11
2021-11-14,7.1,0.2,4.795065338605933,11
2021-11-15,8.8,2.2,5.502791717004449,11
2021-11-16,11.9,7.4,7.824494986746851,11
2021-11-17,13.8,8.9,8.606609880765959,11
2021-11-18,14.8,11.7,10.340693183194052,11
2021-11-19,7.7,-1.8,4.13445020234703,11
2021-11-20,7.2,-2.1,4.051200729018666,11
2021-11-21,10.4,4.5,6.436625975309777,11
2021-11-22,11.8,6.8,7.512003265381468,11
2021-11-23,4.6,-5.0,3.2923654240490268,11
2021-11-24,5.2,-2.7,3.903062765297822,11
2021-11-25,9.2,3.5,6.025528176430606,11
2021-11-26,7.5,1.1,5.1096149582652615,11
2021-11-27,6.4,-4.2,3.474523156427313,11
2021-11-28,8.1,0.2,4.778016217402,11
2021-11-29,5.5,-3.5,3.6734230788643982,11
2021-11-30,7.3,-0.4,4.587329513844126,11
2021-12-01,10.7,5.0,6.658240297096593,12
2021-12-02,13.1,7.4,7.791693610383195,12
2021-12-03,14.4,8.8,8.530816810085767,12
2021-12-04,14.5,11.9,10.489051855102495,12
2021-12-05,15.8,13.1,11.29778906948025,12
2021-12-06,14.2,12.8,11.139895298679733,12
2021-12-07,7.0,0.0,4.727718722113154,12
2021-12-08,8.7,5.5,6.9427236249936595,12
2021-12-09,7.2,3.1,5.899443896318541,12
2021-12-10,11.5,10.7,9.789281795447316,12
2021-12-11,17.4,16.4,13.901411170882044,12
2021-12-12,7.3,1.1,5.1132588270178125,12
2021-12-13,6.8,1.6,5.309543075931447,12
2021-12-14,7.7,3.2,5.930738257897716,12
2021-12-15,8.4,3.7,6.128414460505433,12
2021-12-16,12.8,9.2,8.813276350087042,12
2021-12-17,15.0,13.9,11.935226551610334,12
2021-12-18,17.3,16.4,13.90619733413592,12
2021-12-19,10.9,8.4,8.40520792116198,12
2021-12-20,5.9,0.3,4.850686373907363,12
2021-12-21,4.4,0.6,4.983836034278604,12
2021-12-22,5.8,0.3,4.852425282806416,12
2021-12-23,5.2,-1.8,4.171583759041363,12
2021-12-24,9.0,4.4,6.423451424295843,12
2021-12-25,14.8,12.2,10.687288249963533,12
2021-12-26,17.1,14.4,12.239155833690194,12
2021-12-27,16.7,15.2,12.904948330407482,12
2021-12-28,18.4,15.9,13.418633998575162,12
2021-12-29,18.9,17.7,15.017793664501209,12
2021-12-30,18.3,17.2,14.58070771849123,12
2021-12-31,17.3,16.1,13.642681636328316,12
2022-01-01,20.7,18.7,15.893590562073271,1
2022-01-02,17.0,15.2,12.891605285433771,1
2022-01-03,3.5,-0.7,4.549747004294696,1
2022-01-04,2.9,-2.3,4.053946806886812,1
2022-01-05,8.2,4.2,6.352071301465881,1
2022-01-06,7.3,5.3,6.881132707805475,1
2022-01-07,-0.6,-7.0,2.8804420234379204,1
2022-01-08,2.2,-4.7,3.397189807955911,1
2022-01-09,9.6,6.7,7.518617691487503,1
2022-01-10,5.3,-3.9,3.56766952651298,1
2022-01-11,3.1,-6.5,2.9530586224990905,1
2022-01-12,3.4,-2.5,3.9871535039696453,1
2022-01-13,6.2,0.9,5.0600281301537695,1
2022-01-14,5.8,2.1,5.52245517600078,1
2022-01-15,5.4,1.6,5.336228986203586,1
2022-01-16,1.3,0.4,4.967804317167465,1
2022-01-17,1.4,-2.5,4.0161985121937915,1
2022-01-18,2.9,-0.9,4.493507612056602,1
2022-01-19,7.3,0.8,5.003990966269331,1
2022-01-20,6.7,3.3,5.994140738147162,1
2022-01-21,1.9,-2.4,4.038693469756591,1
2022-01-22,1.4,-3.0,3.8698616856692456,1
2022-01-23,1.0,-4.7,3.4120598709489696,1
2022-01-24,5.3,-1.1,4.390064005434838,1
2022-01-25,9.1,3.1,5.859731076467326,1
2022-01-26,3.0,-3.4,3.7344592265280343,1
2022-01-27,3.3,-2.5,3.98859577327837,1
2022-01-28,3.6,-2.6,3.9548534679517457,1
2022-01-29,-1.8,-10.7,2.166702438212552,1
2022-01-30,3.1,-7.0,2.8418623474678917,1
2022-01-31,4.7,-0.5,4.596653487362581,1
2022-02-01,5.7,-0.2,4.681266439887505,2
2022-02-02,7.6,2.3,5.565824367292257,2
2022-02-03,13.9,13.0,11.298467525944966,2
2022-02-04,10.3,8.2,8.30945249338333,2
2022-02-05,0.7,-6.8,2.9111772070843087,2
2022-02-06,2.8,-4.8,3.364312372282252,2
2022-02-07,6.3,-0.7,4.504159988327528,2
2022-02-08,5.0,-2.3,4.023339982171866,2
2022-02-09,6.3,-0.6,4.5371405693604805,2
2022-02-10,8.8,0.7,4.941600743240885,2
2022-02-11,10.3,2.7,5.6718406694006065,2
2022-02-12,11.0,5.5,6.886527023418838,2
2022-02-13,4.0,-5.6,3.152732742906306,2
2022-02-14,4.1,-4.5,3.4251648070601126,2
2022-02-15,7.2,-0.2,4.65621953544723,2
2022-02-16,11.2,5.1,6.692985752439636,2
2022-02-17,16.7,12.8,11.043812020271249,2
2022-02-18,8.6,3.7,6.124064210666564,2
2022-02-19,4.0,-4.4,3.4522966297276394,2
2022-02-20,5.9,-2.8,3.8644775775950833,2
2022-02-21,10.0,6.3,7.304069658317069,2
2022-02-22,15.5,12.9,11.162571364628912,2
2022-02-23,18.2,15.6,13.1724211562323,2
2022-02-24,18.1,15.6,13.176943875942593,2
2022-02-25,14.5,11.0,9.88240898594212,2
2022-02-26,8.0,1.2,5.137325792333887,2
2022-02-27,9.8,6.7,7.513303241802762,2
2022-02-28,9.9,3.4,5.968368953957871,2
2022-03-01,9.5,1.3,5.146898815752769,3
2022-03-02,12.7,3.8,6.078859763951779,3
2022-03-03,14.4,5.5,6.805100517142977,3
2022-03-04,14.4,6.9,7.495359843508027,3
2022-03-05,15.6,8.0,8.046798359512323,3
2022-03-06,18.7,12.4,10.684061769019296,3
2022-03-07,18.3,14.0,11.876937862656916,3
2022-03-08,10.4,7.4,7.865887130919378,3
2022-03-09,12.6,9.9,9.244178374147626,3
2022-03-10,11.1,6.8,7.530502481866137,3
2022-03-11,10.7,8.6,8.525883379857417,3
2022-03-12,2.6,-5.4,3.2172460100751437,3
2022-03-13,1.7,-7.7,2.7061644167765815,3
2022-03-14,8.1,-2.7,3.862817851451195,3
2022-03-15,12.2,8.1,8.198233572087991,3
2022-03-16,13.4,11.9,10.529316929402315,3
2022-03-17,14.3,10.8,9.75866414501048,3
2022-03-18,13.8,12.1,10.654161704293708,3
2022-03-19,14.3,9.3,8.82653513790976,3
2022-03-20,10.8,2.8,5.702169824545777,3
2022-03-21,12.0,3.1,5.8001371079533675,3
2022-03-22,15.7,8.9,8.549997248695835,3
2022-03-23,18.8,14.1,11.933755302799883,3
2022-03-24,12.0,3.3,5.882729390042024,3
2022-03-25,10.4,2.7,5.66984037292048,3
2022-03-26,10.6,-0.6,4.468383901701449,3
2022-03-27,9.8,-3.0,3.7549762353790115,3
2022-03-28,10.3,-1.8,4.096526157449862,3
2022-03-29,13.7,3.5,5.93100184980018,3
2022-03-30,18.7,10.1,9.172980088727607,3
2022-03-31,18.3,11.8,10.284205268043738,3
2022-04-01,11.9,4.0,6.182230412347098,4
2022-04-02,11.3,3.6,6.023356766704294,4
2022-04-03,12.9,2.7,5.620287494289817,4
2022-04-04,13.6,2.4,5.488294514338019,4
2022-04-05,14.9,10.9,9.8033204368734,4
2022-04-06,18.0,16.9,14.320829365049233,4
2022-04-07,15.3,6.4,7.219453177938602,4
2022-04-08,9.6,-0.0,4.684245446507515,4
2022-04-09,6.4,-1.4,4.277658908540053,4
2022-04-10,11.2,2.0,5.37905768215322,4
2022-04-11,15.0,8.3,8.229597770730894,4
2022-04-12,18.9,12.6,10.81786203776484,4
2022-04-13,21.0,13.3,11.243947549231006,4
2022-04-14,18.3,12.0,10.420777488458317,4
2022-04-15,15.6,4.6,6.3650659581051,4
2022-04-16,18.0,13.2,11.285900644040765,4
2022-04-17,17.6,14.1,11.983008979028119,4
2022-04-18,16.3,12.9,11.131719552254744,4
2022-04-19,9.9,1.0,5.029971603026648,4
2022-04-20,12.5,4.2,6.256451113836603,4
2022-04-21,17.1,11.0,9.793884392097333,4
2022-04-22,18.6,13.1,11.189361273783438,4
2022-04-23,19.9,12.5,10.710426285487626,4
2022-04-24,20.2,12.4,10.629430466297192,4
2022-04-25,21.3,13.6,11.454254137902424,4
2022-04-26,17.5,13.2,11.305315577197552,4
2022-04-27,16.0,3.5,5.883824591441057,4
2022-04-28,17.9,4.4,6.2270290993474395,4
2022-04-29,19.2,7.0,7.423040178872294,4
2022-04-30,20.3,13.0,11.052053512770497,4
2022-05-01,21.0,16.0,13.385310681634323,5
2022-05-02,21.6,15.8,13.188318984380777,5
2022-05-03,23.5,16.1,13.35754890029179,5
2022-05-04,22.9,16.9,14.083801620111753,5
2022-05-05,23.9,16.7,13.859248958431259,5
2022-05-06,22.0,15.4,12.837091063420356,5
2022-05-07,17.2,11.1,9.855739766850181,5
2022-05-08,15.3,11.3,10.053133201595045,5
2022-05-09,15.8,10.4,9.452651780085594,5
2022-05-10,17.9,10.3,9.321997274720864,5
2022-05-11,20.4,12.6,10.762584255251989,5
2022-05-12,21.6,12.1,10.372219511610108,5
2022-05-13,20.5,15.0,12.575089958704625,5
2022-05-14,21.1,16.0,13.380761723033936,5
2022-05-15,21.2,17.2,14.437055425698214,5
2022-05-16,22.5,15.8,13.148171894626193,5
2022-05-17,21.4,10.8,9.523435778249068,5
2022-05-18,22.9,11.5,9.925646414431498,5
2022-05-19,26.0,17.5,14.477459975489525,5
2022-05-20,25.7,17.0,14.040623184663147,5
2022-05-21,25.5,17.7,14.685908721639302,5
2022-05-22,25.0,17.9,14.89711275411038,5
2022-05-23,21.4,18.7,15.855819340231644,5
2022-05-24,21.6,18.7,15.845060514555488,5
2022-05-25,21.1,18.6,15.772922742639539,5
2022-05-26,20.5,19.0,16.205501883361748,5
2022-05-27,21.2,16.5,13.80959733563667,5
2022-05-28,20.0,14.3,12.039911135806536,5
2022-05-29,21.7,15.8,13.183846093424568,5
2022-05-30,23.1,18.7,15.76483236005141,5
2022-05-31,23.4,19.8,16.86643216992991,5
2022-06-01,25.1,18.9,15.856202472928475,6
2022-06-02,24.9,19.5,16.47163453753393,6
2022-06-03,23.3,18.2,15.267929280233155,6
2022-06-04,23.7,15.2,12.60063760676641,6
2022-06-05,23.2,13.7,11.455110335159548,6
2022-06-06,22.8,16.4,13.647761499238985,6
2022-06-07,23.0,20.2,17.313087914001212,6
2022-06-08,22.9,20.6,17.752262679945822,6
2022-06-09,23.9,19.8,16.83804228241951,6
2022-06-10,22.0,14.6,12.19257392311988,6
2022-06-11,24.2,17.0,14.111451954721982,6
2022-06-12,26.3,20.1,17.016637099305832,6
2022-06-13,26.1,22.3,19.4911477169558,6
2022-06-14,26.7,23.3,20.66890275720296,6
2022-06-15,27.5,23.1,20.366016920067377,6
2022-06-16,27.6,22.4,19.51236201951655,6
2022-06-17,28.1,20.7,17.553744586790685,6
2022-06-18,27.4,16.3,13.353515679721156,6
2022-06-19,24.4,9.9,8.87758013917891,6
2022-06-20,24.8,13.0,10.885132080290324,6
2022-06-21,27.2,14.8,12.137139573611034,6
2022-06-22,28.3,16.2,13.229015273509777,6
2022-06-23,28.7,19.0,15.765266284741353,6
2022-06-24,27.0,20.2,17.08236210471917,6
2022-06-25,27.2,19.2,16.042955164761516,6
2022-06-26,26.6,18.0,14.911158085251222,6
2022-06-27,25.0,21.1,18.1783295711626,6
2022-06-28,23.7,21.4,18.597283438818486,6
2022-06-29,23.0,21.2,18.413866469898757,6
2022-06-30,24.1,20.8,17.899915889748424,6
2022-07-01,24.1,21.7,18.91665670575478,7
2022-07-02,25.5,21.3,18.372156331793327,7
2022-07-03,25.2,22.7,20.031305179993183,7
2022-07-04,25.1,22.8,20.160013020563753,7
2022-07-05,26.2,22.7,19.964389178055676,7
2022-07-06,26.0,23.4,20.842825784923733,7
2022-07-07,26.2,23.7,21.209330010125324,7
2022-07-08,24.9,23.3,20.793727534800567,7
2022-07-09,25.4,22.6,19.896663824612208,7
2022-07-10,25.0,22.9,20.289457679487487,7
2022-07-11,23.3,20.5,17.619243104620896,7
2022-07-12,24.5,21.4,18.547299139302094,7
2022-07-13,24.7,22.5,19.822562585881762,7
2022-07-14,25.0,20.1,17.09083340394812,7
2022-07-15,25.4,18.1,15.065551992625771,7
2022-07-16,25.6,20.7,17.70063784693119,7
2022-07-17,26.1,21.0,18.000504208506513,7
2022-07-18,25.8,21.1,18.129683765319047,7
2022-07-19,24.0,21.7,18.92302273527043,7
2022-07-20,25.2,22.8,20.15325585179534,7
2022-07-21,24.6,22.7,20.071670530481832,7
2022-07-22,24.9,22.3,19.56962239321934,7
2022-07-23,25.5,22.1,19.293688481550927,7
2022-07-24,25.9,22.2,19.385716890489224,7
2022-07-25,26.2,22.2,19.366289080009363,7
2022-07-26,26.8,21.7,18.746378415687975,7
2022-07-27,27.3,21.2,18.150329689001552,7
2022-07-28,27.7,21.4,18.35002023870124,7
2022-07-29,27.2,22.5,19.657567059113976,7
2022-07-30,24.8,23.0,20.426496218820212,7
2022-07-31,26.4,21.1,18.093369927030977,7
2022-08-01,25.1,22.0,19.20204320672856,8
2022-08-02,26.0,22.1,19.26144096612129,8
2022-08-03,25.3,22.0,19.189175360719695,8
2022-08-04,25.1,22.0,19.20204320672856,8
2022-08-05,25.7,22.0,19.16349133815223,8
2022-08-06,25.4,22.2,19.418183339811765,8
2022-08-07,25.1,21.6,18.73820155216901,8
2022-08-08,24.6,21.6,18.76966788558995,8
2022-08-09,24.4,21.9,19.13004788693155,8
2022-08-10,24.9,21.8,18.981608131699897,8
2022-08-11,24.2,20.9,18.004410635670244,8
2022-08-12,24.3,20.3,17.344367891427737,8
2022-08-13,23.7,19.5,16.53822022540673,8
2022-08-14,24.3,19.3,16.3006415376207,8
2022-08-15,25.2,20.4,17.39925090303872,8
2022-08-16,24.6,19.2,16.18304478164944,8
2022-08-17,22.5,19.4,16.502334737965285,8
2022-08-18,23.5,20.2,17.28390691296632,8
2022-08-19,22.6,20.4,17.55221135053796,8
2022-08-20,23.6,21.5,18.717926490189495,8
2022-08-21,23.7,21.2,18.370444854507383,8
2022-08-22,23.2,21.2,18.4014393624448,8
2022-08-23,23.9,21.1,18.245645385093855,8
2022-08-24,23.2,20.8,17.95427703130663,8
2022-08-25,23.2,20.9,18.06516450992592,8
2022-08-26,23.9,21.1,18.245645385093855,8
2022-08-27,24.8,21.8,18.98797886777363,8
2022-08-28,25.2,21.9,19.078752300172557,8
2022-08-29,25.5,21.4,18.485195341748764,8
2022-08-30,25.0,21.5,18.630034163889764,8
2022-08-31,24.9,19.5,16.47163453753393,8
2022-09-01,24.1,17.5,14.569998828150348,9
2022-09-02,24.0,21.3,18.464898160828124,9
2022-09-03,23.8,20.9,18.02866308306633,9
2022-09-04,23.0,21.2,18.413866469898757,9
2022-09-05,23.2,21.4,18.628660667498796,9
2022-09-06,23.8,21.1,18.251789734440575,9
2022-09-07,24.1,20.6,17.680596690993976,9
2022-09-08,22.9,19.7,16.790347892487297,9
2022-09-09,22.2,18.6,15.714178151419281,9
2022-09-10,21.2,19.1,16.26819015746607,9
2022-09-11,23.1,21.0,18.182787795428098,9
2022-09-12,22.4,19.3,16.405433345847666,9
2022-09-13,19.2,11.8,10.252545323657765,9
2022-09-14,20.6,14.3,12.015318976890846,9
2022-09-15,21.5,14.8,12.371932363597738,9
2022-09-16,21.6,15.0,12.528160021623794,9
2022-09-17,21.9,15.1,12.596236374470415,9
2022-09-18,22.0,14.9,12.430850390505986,9
2022-09-19,22.8,16.3,13.561071591620859,9
2022-09-20,24.6,18.8,15.783849848668364,9
2022-09-21,25.7,18.6,15.53014059568909,9
2022-09-22,25.4,18.5,15.448646233974078,9
2022-09-23,19.6,8.7,8.322818011831036,9
2022-09-24,19.1,9.7,8.91815993211884,9
2022-09-25,20.7,13.8,11.62792311620583,9
2022-09-26,20.6,12.7,10.826017273108036,9
2022-09-27,17.4,4.1,6.107937851795791,9
2022-09-28,16.5,2.9,5.629729437098742,9
2022-09-29,16.6,4.9,6.477355207890259,9
2022-09-30,18.9,6.8,7.329379662627802,9
2022-10-01,17.6,6.8,7.362150749683402,10
2022-10-02,17.8,9.0,8.545786132704103,10
2022-10-03,17.7,10.8,9.644586585811458,10
2022-10-04,17.5,11.4,10.043352917459014,10
2022-10-05,16.6,5.3,6.660271502688681,10
2022-10-06,16.9,6.9,7.430755811069584,10
2022-10-07,18.9,9.6,8.86455060736927,10
2022-10-08,17.1,6.3,7.125399909569261,10
2022-10-09,14.6,6.2,7.137898489266276,10
2022-10-10,15.6,7.2,7.619279172011275,10
2022-10-11,18.1,11.9,10.359401772086636,10
2022-10-12,19.6,17.7,14.981884337207779,10
2022-10-13,19.2,14.0,11.84037468811821,10
2022-10-14,14.6,5.3,6.706563572212147,10
2022-10-15,16.8,8.2,8.123174027416812,10
2022-10-16,18.2,10.9,9.692282312824378,10
2022-10-17,17.8,10.6,9.513727672171708,10
2022-10-18,7.7,-4.9,3.280736518576644,10
2022-10-19,7.6,-1.8,4.135922847120795,10
2022-10-20,8.4,-2.1,4.033934023727164,10
2022-10-21,10.7,1.5,5.199204869891105,10
2022-10-22,12.7,3.7,6.036225612577591,10
2022-10-23,13.5,6.2,7.1652896922601474,10
2022-10-24,15.6,9.7,9.026258840386948,10
2022-10-25,17.6,11.1,9.842180709561307,10
2022-10-26,14.3,10.2,9.375883302196394,10
2022-10-27,13.7,7.9,8.045163144175735,10
2022-10-28,15.1,8.7,8.45274925572779,10
2022-10-29,14.0,9.2,8.776445663616192,10
2022-10-30,14.4,12.2,10.702154935061728,10
2022-10-31,17.1,14.2,12.081705841033983,10
2022-11-01,15.7,11.5,10.173057368850422,11
2022-11-02,16.6,12.3,10.690992346171567,11
2022-11-03,16.2,12.5,10.847383525011745,11
2022-11-04,16.7,12.1,10.547564950999067,11
2022-11-05,19.4,16.1,13.544750918720082,11
2022-11-06,21.5,18.4,15.555280120612005,11
2022-11-07,21.7,19.0,16.139547661689598,11
2022-11-08,20.5,13.5,11.410911422046194,11
2022-11-09,14.5,2.7,5.589025683092655,11
2022-11-10,15.2,10.1,9.284321965996714,11
2022-11-11,18.5,16.8,14.205816073773871,11
2022-11-12,14.8,12.1,10.617161663646742,11
2022-11-13,3.6,-3.3,3.7542674851074227,11
2022-11-14,4.8,-2.2,4.056109880610898,11
2022-11-15,8.2,6.1,7.250043412900542,11
2022-11-16,6.6,2.2,5.546066575904931,11
2022-11-17,2.9,-5.0,3.3126408133657574,11
2022-11-18,3.5,-4.0,3.564058660026853,11
2022-11-19,5.5,-1.1,4.386913053340502,11
2022-11-20,3.7,-6.6,2.9241634890852177,11
2022-11-21,4.3,-4.3,3.474605344240249,11
2022-11-22,8.9,-0.9,4.397918015629232,11
2022-11-23,10.0,2.7,5.677850036170235,11
2022-11-24,12.6,2.7,5.6261880585882835,11
2022-11-25,11.7,10.1,9.3983999961213,11
2022-11-26,12.9,8.0,8.12275135923504,11
2022-11-27,14.7,10.5,9.552292759340189,11
2022-11-28,11.2,6.7,7.476311419968671,11
2022-11-29,11.9,7.5,7.878136607193278,11
2022-11-30,13.6,8.3,8.269777149559221,11
2022-12-01,5.6,-4.7,3.3557532327198563,12
2022-12-02,8.4,2.6,5.669710850201236,12
2022-12-03,14.0,12.7,11.074847898225617,12
2022-12-04,10.7,7.4,7.857573704323374,12
2022-12-05,9.9,6.3,7.306650145742725,12
2022-12-06,13.1,12.6,11.037053652853174,12
2022-12-07,18.2,17.2,14.585712251773705,12
2022-12-08,18.0,16.4,13.872763234414487,12
2022-12-09,16.1,15.5,13.183257282307107,12
2022-12-10,12.2,10.1,9.381931799176984,12
2022-12-11,10.9,9.5,9.053176631415818,12
2022-12-12,12.0,10.3,9.514877456803463,12
2022-12-13,9.2,5.7,7.027210770799958,12
2022-12-14,7.7,5.2,6.823717550664349,12
2022-12-15,10.8,6.9,7.590388177498618,12
2022-12-16,5.9,-1.1,4.3806246992056295,12
2022-12-17,6.8,-2.3,3.9974710342600623,12
2022-12-18,2.1,-5.1,3.297223116787288,12
2022-12-19,2.8,-3.5,3.7093652506815165,12
2022-12-20,4.3,1.0,5.131495628894188,12
2022-12-21,5.4,1.3,5.222656436088746,12
2022-12-22,5.8,4.3,6.451790454579622,12
2022-12-23,-5.3,-12.7,1.8701740087173828,12
2022-12-24,-9.0,-19.4,1.0860915398719595,12
2022-12-25,-4.4,-17.7,1.2335192154034071,12
2022-12-26,-1.9,-16.5,1.3516739612808664,12
2022-12-27,1.2,-5.5,3.2092040945237517,12
2022-12-28,3.6,-3.5,3.6986426049704226,12
2022-12-29,9.4,4.3,6.369587497097808,12
2022-12-30,11.3,9.7,9.162707822681424,12
2022-12-31,13.7,12.9,11.232617132299584,12
2023-01-01,13.3,11.3,10.123324391691712,1
2023-01-02,14.0,13.1,11.368609269114813,1
2023-01-03,17.1,16.5,14.004668305752467,1
2023-01-04,16.8,13.1,11.25882445810077,1
2023-01-05,10.2,2.7,5.673842377771668,1
2023-01-06,7.1,0.1,4.760437582122961,1
2023-01-07,8.0,2.8,5.758958284473674,1
2023-01-08,11.4,8.0,8.16557029101804,1
2023-01-09,7.2,4.2,6.374728948341094,1
2023-01-10,6.7,2.1,5.50469491279406,1
2023-01-11,10.5,7.8,8.080703422447712,1
2023-01-12,15.1,13.8,11.853825525401849,1
2023-01-13,6.0,0.5,4.919602354803939,1
2023-01-14,1.6,-5.8,3.1322432672085063,1
2023-01-15,2.7,-4.0,3.5743948823506577,1
2023-01-16,6.7,-0.3,4.630743044843171,1
2023-01-17,12.4,8.9,8.64880653225632,1
2023-01-18,14.7,14.0,12.025476950048146,1
2023-01-19,16.5,10.8,9.684543443753713,1
2023-01-20,8.8,0.7,4.941600743240885,1
2023-01-21,6.8,-0.1,4.696874510413542,1
2023-01-22,5.8,5.1,6.822550631676682,1
2023-01-23,5.5,1.3,5.220782164983025,1
2023-01-24,3.6,-1.6,4.257910926627758,1
2023-01-25,11.4,7.4,7.8382438797124925,1
2023-01-26,4.6,-1.6,4.242580914290665,1
2023-01-27,3.1,-3.0,3.846047152218973,1
2023-01-28,5.3,-1.1,4.390064005434838,1
2023-01-29,8.7,4.5,6.475448981015034,1
2023-01-30,11.6,10.2,9.464785444131179,1
2023-01-31,13.5,12.9,11.240454297575914,1
2023-02-01,10.5,8.3,8.360157227696481,2
2023-02-02,8.1,6.6,7.506921685171996,2
2023-02-03,5.1,-2.1,4.081775828860316,2
2023-02-04,2.9,-5.5,3.1894408380097494,2
2023-02-05,6.9,1.9,5.422782676790793,2
2023-02-06,9.3,3.7,6.108886852027985,2
2023-02-07,10.1,4.3,6.35384623938212,2
2023-02-08,14.5,10.1,9.306915483730757,2
2023-02-09,15.7,13.0,11.228059904180379,2
2023-02-10,11.8,6.8,7.512003265381468,2
2023-02-11,9.0,3.4,5.987406813460128,2
2023-02-12,5.9,3.8,6.226991806219731,2
2023-02-13,8.0,0.2,4.779715671863108,2
2023-02-14,11.0,3.6,6.029716108706798,2
2023-02-15,13.7,10.1,9.332871671239856,2
2023-02-16,17.1,13.9,11.848873491288606,2
2023-02-17,10.6,5.8,7.041135556462209,2
2023-02-18,3.7,-3.5,3.6973066314811796,2
2023-02-19,8.7,2.1,5.465633746125307,2
2023-02-20,13.6,7.4,7.778107396590024,2
2023-02-21,16.7,14.8,12.576815148987661,2
2023-02-22,19.2,15.6,13.127364131582969,2
2023-02-23,20.7,18.1,15.306518793256505,2
2023-02-24,19.0,16.6,14.002395027927195,2
2023-02-25,14.2,12.6,10.994802881953094,2
2023-02-26,16.8,14.2,12.094206312674991,2
2023-02-27,17.3,15.0,12.713634588995053,2
2023-02-28,17.8,10.2,9.263095566992106,2
2023-03-01,18.1,14.1,11.962437289793735,3
2023-03-02,17.7,15.4,13.026877866145842,3
2023-03-03,18.3,15.0,12.670012579768787,3
2023-03-04,14.2,6.7,7.398257011547213,3
2023-03-05,12.8,4.1,6.2061945894011785,3
2023-03-06,15.4,10.1,9.277886809548267,3
2023-03-07,18.4,10.5,9.431066612162832,3
2023-03-08,12.4,0.4,4.774694081059748,3
2023-03-09,13.0,4.1,6.201856868213409,3
2023-03-10,12.8,9.0,8.695214111943553,3
2023-03-11,9.5,1.6,5.258823931034879,3
2023-03-12,9.9,7.1,7.719664436616702,3
2023-03-13,8.5,1.9,5.3919768813607725,3
2023-03-14,3.5,-4.7,3.3812261471919753,3
2023-03-15,5.2,-3.8,3.5957891824885073,3
2023-03-16,8.9,0.4,4.833943963292363,3
2023-03-17,12.9,10.3,9.484940768423378,3
2023-03-18,5.9,-2.5,3.951432723607975,3
2023-03-19,2.5,-7.7,2.6983105022711533,3
2023-03-20,3.3,-5.8,3.1129818689294164,3
2023-03-21,7.1,-0.8,4.458628251759529,3
2023-03-22,11.6,6.9,7.569063118527595,3
2023-03-23,16.1,11.4,10.09196378724101,3
2023-03-24,18.9,14.5,12.242632595253262,3
2023-03-25,20.2,14.4,12.109817558304345,3
2023-03-26,17.4,15.4,13.040328436993697,3
2023-03-27,19.7,15.0,12.609442261818725,3
2023-03-28,15.4,7.9,7.997764851522474,3
2023-03-29,10.8,2.4,5.542413988330435,3
2023-03-30,12.4,4.0,6.171405284677081,3
2023-03-31,17.0,10.7,9.60371898353982,3
2023-04-01,20.0,10.8,9.568916965660115,4
2023-04-02,13.5,3.5,5.935139998657532,4
2023-04-03,12.8,9.5,8.993022633864882,4
2023-04-04,17.4,15.9,13.46481756077986,4
2023-04-05,22.0,18.4,15.528928638110546,4
2023-04-06,21.4,18.3,15.463220626331545,4
2023-04-07,17.8,14.8,12.529265753339315,4
2023-04-08,7.7,5.6,7.015944176459895,4
2023-04-09,10.2,4.1,6.263142201656139,4
2023-04-10,10.9,1.3,5.121531245458617,4
2023-04-11,11.9,3.6,6.010678239919441,4
2023-04-12,14.9,4.8,6.470288347723842,4
2023-04-13,15.2,11.7,10.326348542052115,4
2023-04-14,16.6,14.2,12.102554341191075,4
2023-04-15,18.6,13.7,11.635722186202337,4
2023-04-16,18.3,12.6,10.840132469134401,4
2023-04-17,13.2,2.2,5.418236859121371,4
2023-04-18,15.3,4.8,6.461315855648648,4
2023-04-19,17.8,9.5,8.838476790354573,4
2023-04-20,19.0,9.1,8.568290924718564,4
2023-04-21,19.5,10.8,9.585265704709593,4
2023-04-22,16.3,8.0,8.027338145825473,4
2023-04-23,14.0,4.1,6.180258898970109,4
2023-04-24,13.3,1.2,5.042273159415857,4
2023-04-25,13.9,4.4,6.3138018441563215,4
2023-04-26,14.8,9.6,8.990769247724241,4
2023-04-27,14.2,12.9,11.213071948495339,4
2023-04-28,18.7,14.4,12.172057497785094,4
2023-04-29,18.0,13.4,11.434134834157016,4
2023-04-30,16.3,10.0,9.187343312758204,4
2023-05-01,13.4,2.8,5.650431413993277,5
2023-05-02,14.3,2.5,5.5140104019906975,5
2023-05-03,14.1,1.7,5.211789132072028,5
2023-05-04,14.1,4.2,6.221602299973631,5
2023-05-05,14.3,9.7,9.067080327576035,5
2023-05-06,17.7,13.3,11.371521992801446,5
2023-05-07,20.2,15.8,13.251259657904326,5
2023-05-08,21.5,17.6,14.791661724841973,5
2023-05-09,21.5,18.7,15.85043810169771,5
2023-05-10,22.3,16.3,13.584021450466045,5
2023-05-11,21.8,16.3,13.60704911863093,5
2023-05-12,20.4,17.6,14.847089515328522,5
2023-05-13,22.3,18.3,15.416116552668662,5
2023-05-14,23.7,18.7,15.732968120819372,5
2023-05-15,23.6,18.7,15.738269879242562,5
2023-05-16,22.9,19.5,16.582910568863326,5
2023-05-17,21.3,18.6,15.762209261408335,5
2023-05-18,19.0,17.4,14.730970369556067,5
2023-05-19,18.9,14.6,12.321993471696054,5
2023-05-20,19.8,16.9,14.232836557890712,5
2023-05-21,21.3,18.4,15.565845771908057,5
2023-05-22,19.6,16.4,13.796942837573962,5
2023-05-23,18.2,14.0,11.881014381573223,5
2023-05-24,19.8,11.5,10.030679709822305,5
2023-05-25,19.8,10.8,9.575449764407791,5
2023-05-26,20.1,11.7,10.15380256470836,5
2023-05-27,18.0,6.0,6.95777139945224,5
2023-05-28,18.9,9.9,9.044766205830113,5
2023-05-29,19.0,11.8,10.259564009486043,5
2023-05-30,21.1,14.8,12.388750623395321,5
2023-05-31,21.7,16.0,13.353532769213961,5
2023-06-01,22.3,15.9,13.241505304737139,6
2023-06-02,23.6,14.7,12.20538383471549,6
2023-06-03,24.2,12.7,10.694947280899566,6
2023-06-04,23.1,14.8,12.305113488385057,6
2023-06-05,22.2,17.0,14.207009442141803,6
2023-06-06,24.4,16.9,14.01280278821739,6
2023-06-07,24.5,15.6,12.89361634089797,6
2023-06-08,23.7,12.3,10.435287290898474,6
2023-06-09,22.4,7.5,7.598250177230398,6
2023-06-10,22.7,10.0,8.988597336075248,6
2023-06-11,23.4,15.8,13.108268489786662,6
2023-06-12,22.5,18.1,15.213328420085993,6
2023-06-13,21.5,14.4,12.056388870621344,6
2023-06-14,20.8,18.9,16.088152364520898,6
2023-06-15,21.6,19.0,16.14502333519653,6
2023-06-16,23.4,18.2,15.26278076251937,6
2023-06-17,24.4,17.7,14.740200435952204,6
2023-06-18,24.1,17.3,14.386963619141424,6
2023-06-19,22.9,20.5,17.643048871355735,6
2023-06-20,21.5,19.6,16.76562981366281,6
2023-06-21,20.7,18.8,15.993334328538388,6
2023-06-22,20.4,18.2,15.418762170414304,6
2023-06-23,21.6,18.8,15.944499719901629,6
2023-06-24,23.0,17.3,14.440401606583787,6
2023-06-25,24.6,18.9,15.882829177333056,6
2023-06-26,25.6,20.0,16.951177962918035,6
2023-06-27,25.4,17.9,14.877153467218255,6
2023-06-28,24.7,17.0,14.087763097990873,6
2023-06-29,25.4,17.8,14.783732746562967,6
2023-06-30,26.3,20.2,17.122294158395253,6
2023-07-01,26.6,21.5,18.530591112472834,7
2023-07-02,26.6,21.9,18.98964386574306,7
2023-07-03,25.5,21.9,19.05958730539589,7
2023-07-04,25.0,21.5,18.630034163889764,7
2023-07-05,25.5,21.8,18.943473308733143,7
2023-07-06,26.6,20.9,17.860255221072716,7
2023-07-07,26.0,22.0,19.144273395977915,7
2023-07-08,25.8,21.2,18.241400083828452,7
2023-07-09,24.7,20.7,17.754123071246244,7
2023-07-10,23.8,20.9,18.02866308306633,7
2023-07-11,25.1,18.9,15.856202472928475,7
2023-07-12,25.8,19.9,16.835148037932157,7
2023-07-13,26.3,22.4,19.597070887859754,7
2023-07-14,26.4,21.9,19.002322646491347,7
2023-07-15,27.3,22.5,19.651024350823374,7
2023-07-16,27.6,19.9,16.73438904718144,7
2023-07-17,26.8,16.6,13.63827207004144,7
2023-07-18,26.8,19.3,16.16478021458669,7
2023-07-19,27.3,20.7,17.600484462541832,7
2023-07-20,27.4,21.9,18.93909748380131,7
2023-07-21,25.9,22.4,19.623283321750893,7
2023-07-22,23.8,20.7,17.80793250301631,7
2023-07-23,24.8,19.2,16.17218185513046,7
2023-07-24,25.3,17.2,14.238724290682757,7
2023-07-25,25.7,18.5,15.433138140046713,7
2023-07-26,27.5,20.0,16.844052607423126,7
2023-07-27,28.8,19.5,16.258886153045164,7
2023-07-28,28.6,20.0,16.782649267346354,7
2023-07-29,27.6,22.4,19.51236201951655,7
2023-07-30,26.9,21.3,18.286433889318705,7
2023-07-31,28.0,17.9,14.748710501869532,7
2023-08-01,27.7,16.0,13.087216676093522,8
2023-08-02,26.7,18.8,15.67330762861766,8
2023-08-03,25.0,21.4,18.516195166236013,8
2023-08-04,25.0,21.8,18.975241669136857,8
2023-08-05,26.5,22.3,19.465129165022606,8
2023-08-06,25.7,22.9,20.2419334352993,8
2023-08-07,25.1,22.5,19.7959774223131,8
2023-08-08,25.1,20.9,17.95008047784257,8
2023-08-09,24.9,20.2,17.202720972090116,8
2023-08-10,24.8,21.1,18.190531839711795,8
2023-08-11,25.5,22.6,19.890001623432024,8
2023-08-12,25.4,22.6,19.896663824612208,8
2023-08-13,26.5,22.0,19.112329005195374,8
2023-08-14,27.6,22.9,20.114054221576705,8
2023-08-15,25.9,22.4,19.623283321750893,8
2023-08-16,23.9,16.3,13.510853854705246,8
2023-08-17,23.9,16.2,13.42496769634581,8
2023-08-18,25.2,17.8,14.79364307520152,8
2023-08-19,25.8,16.4,13.510804534871308,8
2023-08-20,26.8,17.1,14.078077240907062,8
2023-08-21,28.4,19.3,16.079011193385103,8
2023-08-22,29.3,20.7,17.484098385752006,8
2023-08-23,28.7,21.1,17.955504262521547,8
2023-08-24,27.4,21.7,18.708954269790745,8
2023-08-25,28.4,22.1,19.10814148570779,8
2023-08-26,29.3,20.8,17.592163988188858,8
2023-08-27,28.3,20.6,17.434258969639938,8
2023-08-28,25.7,22.2,19.398690433665056,8
2023-08-29,24.7,22.5,19.822562585881762,8
2023-08-30,23.6,22.0,19.29910492470697,8
2023-08-31,23.9,19.0,16.02001558003426,8
2023-09-01,24.5,18.4,15.39849920221175,9
2023-09-02,23.1,13.9,11.608896306654913,9
2023-09-03,23.7,15.7,13.011457969502686,9
2023-09-04,25.4,16.5,13.615323985076717,9
2023-09-05,25.7,17.3,14.309937881177142,9
2023-09-06,27.0,17.3,14.247959139729431,9
2023-09-07,25.9,18.6,15.519754278621251,9
2023-09-08,23.9,14.7,12.19305723935978,9
2023-09-09,23.0,18.5,15.573842083920177,9
2023-09-10,23.7,19.4,16.435624946199887,9
2023-09-11,25.2,18.8,15.752107566418655,9
2023-09-12,25.0,19.4,16.363961983160948,9
2023-09-13,23.6,20.2,17.27808251299565,9
2023-09-14,22.0,19.9,17.051897360460167,9
2023-09-15,20.7,18.2,15.40302070826993,9
2023-09-16,20.1,17.9,15.146032967222538,9
2023-09-17,21.1,16.9,14.169955716683377,9
2023-09-18,19.8,13.9,11.739667283995622,9
2023-09-19,19.7,13.3,11.293860924044052,9
2023-09-20,20.6,14.4,12.093327593969631,9
2023-09-21,20.8,14.1,11.852559485124768,9
2023-09-22,21.4,14.3,11.982685280806948,9
2023-09-23,21.2,13.1,11.090525400463118,9
2023-09-24,20.2,11.3,9.885209722175187,9
2023-09-25,21.9,13.3,11.209649793615661,9
2023-09-26,22.9,16.4,13.643151547710785,9
2023-09-27,21.2,17.0,14.255275144340349,9
2023-09-28,19.3,14.3,12.068729524574067,9
2023-09-29,21.0,15.3,12.798283242755362,9
2023-09-30,22.5,16.0,13.317399414857894,9
2023-10-01,21.7,15.7,13.099716120898329,10
2023-10-02,21.4,14.6,12.217410264501215,10
2023-10-03,21.2,13.5,11.38377489072147,10
2023-10-04,21.5,14.5,12.134603256214882,10
2023-10-05,21.4,13.7,11.525112706924231,10
2023-10-06,21.1,15.2,12.711977140420078,10
2023-10-07,16.5,6.9,7.441017514243856,10
2023-10-08,13.4,2.1,5.375986289811264,10
2023-10-09,15.4,5.1,6.59556575534989,10
2023-10-10,19.3,9.1,8.55950143154908,10
2023-10-11,18.4,14.0,11.872864140186449,10
2023-10-12,17.1,13.3,11.395029015008786,10
2023-10-13,17.1,14.2,12.081705841033983,10
2023-10-14,18.5,14.2,12.023710338968332,10
2023-10-15,14.2,7.8,7.976653996092897,10
2023-10-16,10.8,4.9,6.609662516239488,10
2023-10-17,11.4,6.7,7.471056588536608,10
2023-10-18,12.7,7.7,7.964043985225118,10
2023-10-19,14.9,10.6,9.609508995724209,10
2023-10-20,17.2,11.0,9.790511261602381,10
2023-10-21,15.9,7.1,7.559422310272815,10
2023-10-22,17.9,7.2,7.559068410645099,10
2023-10-23,15.0,7.6,7.846766980464978,10
2023-10-24,15.0,7.1,7.5830332076500335,10
2023-10-25,16.5,9.5,8.878145424317843,10
2023-10-26,19.1,14.6,12.313560969747929,10
2023-10-27,19.3,14.7,12.384844086003836,10
2023-10-28,19.3,13.8,11.683587648135008,10
2023-10-29,20.3,14.2,11.949957813460944,10
2023-10-30,19.3,13.6,11.53258721458495,10
2023-10-31,11.4,2.8,5.690146271937352,10
2023-11-01,6.2,-6.9,2.832018534115754,11
2023-11-02,6.4,-5.3,3.197680118313467,11
2023-11-03,8.7,-1.7,4.150223451998669,11
2023-11-04,11.3,2.4,5.53267165402154,11
2023-11-05,14.1,4.8,6.488308297865457,11
2023-11-06,14.9,7.1,7.58566574825328,11
2023-11-07,16.7,9.1,8.636281503041326,11
2023-11-08,18.1,11.9,10.359401772086636,11
2023-11-09,19.3,14.2,11.990819354967051,11
2023-11-10,16.7,14.3,12.176987922931469,11
2023-11-11,11.3,9.6,9.101395693029339,11
2023-11-12,11.9,7.4,7.824494986746851,11
2023-11-13,12.4,5.1,6.664859039419404,11
2023-11-14,13.4,2.5,5.5313288782140155,11
2023-11-15,13.2,0.1,4.659027876340003,11
2023-11-16,14.3,6.2,7.145348026739854,11
2023-11-17,16.6,12.2,10.620896122785156,11
2023-11-18,15.8,10.4,9.452651780085594,11
2023-11-19,13.1,5.4,6.788711669448407,11
2023-11-20,14.4,9.8,9.124938455765031,11
2023-11-21,15.9,14.1,12.053485074044026,11
2023-11-22,10.8,7.3,7.801281194414889,11
2023-11-23,7.6,3.7,6.145877440268226,11
2023-11-24,9.6,3.5,6.017003998639015,11
2023-11-25,9.5,4.7,6.548026682549921,11
2023-11-26,8.1,5.0,6.719792029620863,11
2023-11-27,6.3,0.6,4.949950586201561,11
2023-11-28,4.4,-4.5,3.4214625932531666,11
2023-11-29,3.3,-6.4,2.9736039876002938,11
2023-11-30,7.1,-0.3,4.624133598927247,11
2023-12-01,11.7,8.9,8.670060401213943,12
2023-12-02,16.7,15.8,13.411271418479332,12
2023-12-03,16.7,13.3,11.410754430244268,12
2023-12-04,11.4,5.3,6.781984424192745,12
2023-12-05,8.5,2.5,5.627560056993524,12
2023-12-06,7.1,-0.2,4.6578809875562195,12
2023-12-07,5.2,-0.8,4.4890625742971375,12
2023-12-08,8.5,3.8,6.169508480474404,12
2023-12-09,15.4,12.7,11.021114448017626,12
2023-12-10,12.7,11.4,10.212001138567299,12
2023-12-11,3.5,-3.6,3.6724327147670257,12
2023-12-12,4.1,-0.9,4.474058706251487,12
2023-12-13,5.6,0.7,4.998329433387506,12
2023-12-14,7.3,-2.1,4.049756193190882,12
2023-12-15,6.1,-2.4,3.977950362959893,12
2023-12-16,8.1,0.6,4.918270902449872,12
2023-12-17,10.0,7.6,7.985328996718994,12
2023-12-18,7.2,0.0,4.724345996076334,12
2023-12-19,1.3,-8.6,2.527111045127871,12
2023-12-20,2.2,-6.5,2.962710893282636,12
2023-12-21,4.6,-4.1,3.5234037057620085,12
2023-12-22,7.6,-1.2,4.322318798745544,12
2023-12-23,10.2,4.5,6.441169208749205,12
2023-12-24,12.1,8.7,8.541647582694253,12
2023-12-25,14.1,13.3,11.514037150935772,12
2023-12-26,14.7,14.0,12.025476950048146,12
2023-12-27,10.6,5.0,6.6605868135008555,12
2023-12-28,7.3,0.9,5.040181344833145,12
2023-12-29,4.0,-2.4,4.008091787322931,12
2023-12-30,3.7,-1.6,4.256372941824931,12
2023-12-31,4.5,-0.4,4.633591075662111,12
2024-01-01,4.9,-1.8,4.1760846586195415,1
2024-01-02,2.6,-3.6,3.684418895885032,1
2024-01-03,2.8,-1.7,4.238958071918191,1
2024-01-04,3.7,-1.3,4.351188439481496,1
2024-01-05,3.5,-3.3,3.7556245310084195,1
2024-01-06,7.8,5.4,6.916777773196678,1
2024-01-07,5.9,0.2,4.815685580162382,1
2024-01-08,3.9,-1.3,4.348047354161531,1
2024-01-09,9.1,6.3,7.3273598715765385,1
2024-01-10,4.1,-2.9,3.860776327238067,1
2024-01-11,6.9,2.6,5.700078878322293,1
2024-01-12,8.4,6.9,7.655090474163498,1
2024-01-13,2.6,-3.8,3.629693269068634,1
2024-01-14,4.4,-2.4,4.002315398510359,1
2024-01-15,7.5,0.3,4.823032362867806,1
2024-01-16,-0.7,-6.2,3.063763541232212,1
2024-01-17,-5.1,-16.2,1.402460163528557,1
2024-01-18,1.3,-12.4,1.8699091030802444,1
2024-01-19,3.5,-1.6,4.259450023293809,1
2024-01-20,-5.7,-14.0,1.6852717566266588,1
2024-01-21,-3.8,-17.5,1.251701841926432,1
2024-01-22,1.8,-8.2,2.6022971965043844,1
2024-01-23,5.8,2.3,5.601739347973835,1
2024-01-24,12.0,11.6,10.373445989748035,1
2024-01-25,17.4,16.5,13.990208142297897,1
2024-01-26,17.2,15.0,12.718013316251467,1
2024-01-27,15.7,15.2,12.949625319607438,1
2024-01-28,8.1,3.5,6.049094686631756,1
2024-01-29,6.2,0.6,4.951722539158856,1
2024-01-30,5.6,0.3,4.855906843547443,1
2024-01-31,6.8,1.9,5.424719730792146,1
2024-02-01,5.3,0.8,5.0399327221771735,2
2024-02-02,9.6,3.7,6.102405274466151,2
2024-02-03,8.8,2.9,5.783476259817878,2
2024-02-04,5.8,0.8,5.030898965729464,2
2024-02-05,7.5,2.2,5.528281220771083,2
2024-02-06,7.6,1.7,5.332453884907178,2
2024-02-07,6.2,-0.5,4.571971259938047,2
2024-02-08,7.1,0.2,4.795065338605933,2
2024-02-09,11.8,7.9,8.098806976335531,2
2024-02-10,14.7,12.6,10.97570473555401,2
2024-02-11,16.4,14.7,12.508885004150656,2
2024-02-12,13.6,12.7,11.09029668343674,2
2024-02-13,7.5,0.4,4.85805770478037,2
2024-02-14,8.7,0.7,4.943354016522149,2
2024-02-15,10.0,3.2,5.8825634459847205,2
2024-02-16,12.2,6.0,7.099194473280252,2
2024-02-17,6.7,0.6,4.9428754379632895,2
2024-02-18,3.3,-6.4,2.9736039876002938,2
2024-02-19,6.4,-3.9,3.5536311202201376,2
2024-02-20,6.6,-1.6,4.212249683446763,2
2024-02-21,8.6,0.7,4.945108534362973,2
2024-02-22,12.3,4.2,6.260834684419077,2
2024-02-23,14.3,8.1,8.138340406315214,2
2024-02-24,10.4,-1.2,4.279636758059642,2
2024-02-25,7.0,-1.9,4.1143534178556935,2
2024-02-26,13.0,2.2,5.422023849762028,2
2024-02-27,17.0,12.5,10.817475178225568,2
2024-02-28,16.3,11.2,9.952200026052022,2
2024-02-29,7.1,-7.0,2.8013005298412312,2
2024-03-01,5.9,2.0,5.481222189286035,3
2024-03-02,9.9,8.4,8.434903056018586,3
2024-03-03,12.9,11.4,10.20486112728356,3
2024-03-04,14.5,12.0,10.55844115769573,3
2024-03-05,14.3,12.5,10.919083050833704,3
2024-03-06,14.8,13.4,11.561202837175951,3
2024-03-07,15.3,11.4,10.119953286390924,3
2024-03-08,15.0,12.3,10.750355829613783,3
2024-03-09,15.2,12.5,10.885002333837866,3
2024-03-10,9.4,-0.9,4.390135467380021,3
2024-03-11,8.2,-2.6,3.890192632861723,3
2024-03-12,10.8,1.4,5.160236709167351,3
2024-03-13,13.2,5.7,6.929048231658349,3
2024-03-14,16.3,11.3,10.018401354292937,3
2024-03-15,17.7,15.0,12.696149789835356,3
2024-03-16,16.4,12.4,10.768929122045524,3
2024-03-17,13.8,9.5,8.961682600291558,3
2024-03-18,9.3,0.1,4.723358585200779,3
2024-03-19,5.9,-5.5,3.1551519202028,3
2024-03-20,11.6,1.8,5.295291327452961,3
2024-03-21,14.9,7.2,7.6377950387719356,3
2024-03-22,14.1,9.8,9.134468417598727,3
2024-03-23,14.2,9.0,8.65285009678183,3
2024-03-24,9.5,1.0,5.037089907081877,3
2024-03-25,10.8,1.9,5.348301773675864,3
2024-03-26,14.6,12.7,11.051755252738438,3
2024-03-27,15.0,9.5,8.924361694095655,3
2024-03-28,12.7,1.5,5.162827714950463,3
2024-03-29,11.7,1.9,5.331403505828547,3
2024-03-30,14.4,5.6,6.852470603229913,3
2024-03-31,17.6,11.3,9.97360712639756,3
2024-04-01,19.4,15.1,12.703878114125777,4
2024-04-02,21.2,16.6,13.897739790755667,4
2024-04-03,15.2,8.1,8.112938962355846,4
2024-04-04,10.5,-0.6,4.469959217725317,4
2024-04-05,9.3,1.4,5.187641046443864,4
2024-04-06,9.3,1.8,5.3384110656478345,4
2024-04-07,12.2,4.6,6.440906940258797,4
2024-04-08,17.1,9.0,8.566396125099944,4
2024-04-09,15.9,13.1,11.29388047613326,4
2024-04-10,17.1,14.5,12.31855589816956,4
2024-04-11,17.4,14.6,12.385607273821487,4
2024-04-12,13.7,4.1,6.186722478087039,4
2024-04-13,14.8,4.2,6.206477724144558,4
2024-04-14,18.0,10.3,9.318795489635951,4
2024-04-15,19.8,11.9,10.299285769312965,4
2024-04-16,20.2,11.6,10.083477497789849,4
2024-04-17,20.9,14.2,11.92557429131139,4
2024-04-18,20.6,15.7,13.148770377010628,4
2024-04-19,22.2,17.3,14.479515611274044,4
2024-04-20,20.5,15.4,12.902664489591412,4
2024-04-21,11.9,8.6,8.489991220391257,4
2024-04-22,11.7,2.3,5.485712449068989,4
2024-04-23,13.5,5.2,6.685648261308502,4
2024-04-24,16.4,10.1,9.245844375393377,4
2024-04-25,17.9,9.3,8.717359647456316,4
2024-04-26,20.0,11.0,9.696997935549211,4
2024-04-27,18.9,12.9,11.032618470810258,4
2024-04-28,19.9,12.5,10.710426285487626,4
2024-04-29,19.5,12.3,10.585050511885226,4
2024-04-30,19.9,14.2,11.966268965569405,4
2024-05-01,20.1,14.2,11.958107827314967,5
2024-05-02,22.1,12.7,10.771016338612991,5
2024-05-03,24.1,14.5,12.028463749179865,5
2024-05-04,21.7,15.9,13.268450881073726,5
2024-05-05,21.9,17.5,14.678638033105209,5
2024-05-06,22.1,18.5,15.621315268934666,5
2024-05-07,23.4,17.7,14.78990605198981,5
2024-05-08,25.1,18.4,15.36752150054762,5
2024-05-09,22.1,19.4,16.524691838372352,5
2024-05-10,21.9,16.0,13.344481060846421,5
2024-05-11,17.3,8.9,8.502897935223935,5
2024-05-12,19.0,9.6,8.861516361054921,5
2024-05-13,17.9,13.3,11.363707856403714,5
2024-05-14,19.7,17.5,14.788909515682743,5
2024-05-15,21.1,16.1,13.466497472460693,5
2024-05-16,21.5,15.1,12.613336305065317,5
2024-05-17,20.0,17.3,14.588179893535012,5
2024-05-18,20.8,19.3,16.494729802229212,5
2024-05-19,20.9,17.8,15.009975893509178,5
2024-05-20,21.4,15.9,13.281964835459474,5
2024-05-21,23.3,15.5,12.863070227381787,5
2024-05-22,24.1,15.2,12.583681324032323,5
2024-05-23,24.2,17.5,14.56509887899005,5
2024-05-24,23.7,18.9,15.93098328297429,5
2024-05-25,23.6,19.0,16.036211046501016,5
2024-05-26,26.1,19.0,15.9022410294041,5
2024-05-27,24.4,19.7,16.705704901935356,5
2024-05-28,23.5,15.3,12.690426481902882,5
2024-05-29,22.7,11.2,9.736908222209761,5
2024-05-30,21.6,9.4,8.66605655366719,5
2024-05-31,21.5,10.5,9.331842765233576,5
2024-06-01,20.9,10.7,9.476344373657808,6
2024-06-02,22.5,16.4,13.661610064940902,6
2024-06-03,23.5,18.3,15.353755723869734,6
2024-06-04,23.7,19.0,16.030808920495797,6
2024-06-05,23.7,19.8,16.84938676096586,6
2024-06-06,23.3,20.0,17.08269325829571,6
2024-06-07,24.4,14.7,12.17256814972886,6
2024-06-08,23.6,11.2,9.707377582277195,6
2024-06-09,26.2,15.9,13.068991956855147,6
2024-06-10,24.2,14.5,12.024418528480629,6
2024-06-11,23.7,10.3,9.139859547945115,6
2024-06-12,25.9,13.8,11.425732177552527,6
2024-06-13,27.1,14.9,12.219701890950345,6
2024-06-14,28.2,14.8,12.09686368320582,6
2024-06-15,29.1,18.4,15.164146526181398,6
2024-06-16,29.3,18.1,14.871286319717056,6
2024-06-17,28.5,17.7,14.539852941215242,6
2024-06-18,27.2,15.8,12.942423907595252,6
2024-06-19,26.2,14.9,12.256440597153304,6
2024-06-20,26.9,14.9,12.227847001359246,6
2024-06-21,27.3,15.3,12.529921836766484,6
2024-06-22,28.7,15.7,12.795929429341966,6
2024-06-23,30.3,16.1,13.058220073394494,6
2024-06-24,30.3,15.5,12.566344270579439,6
2024-06-25,29.0,12.8,10.594237676900947,6
2024-06-26,30.3,13.5,11.042392944748277,6
2024-06-27,26.5,20.7,17.64747390879591,6
2024-06-28,26.9,21.5,18.512063609277565,6
2024-06-29,27.1,22.1,19.190874487977297,6
2024-06-30,29.3,22.5,19.521078744271392,6
2024-07-01,28.9,21.2,18.054184919915635,7
2024-07-02,27.7,18.7,15.523787889862824,7
2024-07-03,27.9,20.3,17.13696139945252,7
2024-07-04,29.3,21.9,18.820121503575738,7
2024-07-05,29.0,22.4,19.421952266654323,7
2024-07-06,26.2,23.7,21.209330010125324,7
2024-07-07,26.4,23.2,20.564873997836496,7
2024-07-08,27.0,23.2,20.523764804437523,7
2024-07-09,26.8,22.8,20.045753903594395,7
2024-07-10,26.2,18.8,15.699486528949409,7
2024-07-11,25.6,16.6,13.693053413921104,7
2024-07-12,27.3,16.6,13.615575661204627,7
2024-07-13,28.3,17.6,14.457996773012727,7
2024-07-14,29.4,17.3,14.134936161922951,7
2024-07-15,28.6,20.0,16.782649267346354,7
2024-07-16,26.6,21.6,18.6444324034509,7
2024-07-17,27.4,20.1,16.95435694356058,7
2024-07-18,25.2,21.6,18.731920941626974,7
2024-07-19,23.9,21.7,18.929393050953067,7
2024-07-20,23.7,21.6,18.826574407729183,7
2024-07-21,24.3,21.8,19.019896801657936,7
2024-07-22,24.2,21.1,18.227237133486227,7
2024-07-23,23.9,22.3,19.635502286817115,7
2024-07-24,24.0,21.9,19.15579925544837,7
2024-07-25,24.5,22.1,19.358508533563526,7
2024-07-26,24.4,22.3,19.60250698806595,7
2024-07-27,24.8,21.7,18.872214149305616,7
2024-07-28,23.5,21.8,19.07118929261134,7
2024-07-29,24.6,22.3,19.589339896890085,7
2024-07-30,25.1,22.9,20.28265484371901,7
2024-07-31,24.9,22.9,20.296265080151638,7
2024-08-01,26.8,23.7,21.166904279149907,8
2024-08-02,27.7,22.1,19.1526011800405,8
2024-08-03,25.5,21.9,19.05958730539589,8
2024-08-04,25.6,21.8,18.937132397165367,8
2024-08-05,26.5,21.3,18.31084427996021,8
2024-08-06,26.9,20.6,17.515605287112017,8
2024-08-07,27.6,20.2,17.04828257932322,8
2024-08-08,28.4,20.8,17.644669203209155,8
2024-08-09,28.1,20.6,17.445833581404013,8
2024-08-10,27.6,18.8,15.626404962397357,8
2024-08-11,26.5,17.1,14.092171761755626,8
2024-08-12,26.3,15.9,13.06462762492766,8
2024-08-13,27.1,16.4,13.452306463612913,8
2024-08-14,26.3,18.8,15.694243755020889,8
2024-08-15,27.1,18.7,15.554809614205595,8
2024-08-16,27.2,19.0,15.844000759278101,8
2024-08-17,25.9,21.7,18.802796207275065,8
2024-08-18,25.6,20.6,17.591823820578945,8
2024-08-19,25.1,18.3,15.271388551503625,8
2024-08-20,24.5,15.9,13.1436342761115,8
2024-08-21,23.6,13.8,11.51428882122016,8
2024-08-22,24.2,14.8,12.259592638083316,8
2024-08-23,22.9,12.1,10.326673538412699,8
2024-08-24,23.3,11.3,9.781839338843282,8
2024-08-25,24.2,11.7,10.013797215741475,8
2024-08-26,24.9,13.1,10.95284734650669,8
2024-08-27,26.1,16.3,13.411525939983935,8
2024-08-28,28.0,17.8,14.656096335667852,8
2024-08-29,28.5,19.7,16.47864244512138,8
2024-08-30,27.7,20.5,17.361557647880556,8
2024-08-31,27.1,20.2,17.07667272516722,8
2024-09-01,26.2,20.7,17.665159701923148,9
2024-09-02,26.2,20.3,17.23428170805138,9
2024-09-03,25.1,16.5,13.629019197802695,9
2024-09-04,23.1,11.1,9.65945667951038,9
2024-09-05,24.1,14.6,12.106436310879166,9
2024-09-06,22.4,15.8,13.152620607837031,9
2024-09-07,23.4,16.7,13.882616432648812,9
2024-09-08,22.0,10.9,9.567496025212206,9
2024-09-09,22.9,12.7,10.741910400187422,9
2024-09-10,23.3,13.3,11.15671165999764,9
2024-09-11,22.5,12.5,10.616236844113473,9
2024-09-12,19.8,17.0,14.323400712533132,9
2024-09-13,21.7,18.8,15.939092055082265,9
2024-09-14,22.1,19.2,16.32007310325528,9
2024-09-15,22.7,17.5,14.63894592417675,9
2024-09-16,22.8,14.6,12.159615453315872,9
2024-09-17,20.8,15.1,12.64337316648238,9
2024-09-18,22.0,17.0,14.216636417877627,9
2024-09-19,23.4,17.4,14.51240260821381,9
2024-09-20,25.2,17.0,14.064153640813077,9
2024-09-21,25.9,16.6,13.679316861424278,9
2024-09-22,27.1,16.8,13.798921758255284,9
2024-09-23,27.5,17.2,14.13453272760442,9
2024-09-24,26.3,18.5,15.402215171657906,9
2024-09-25,23.1,19.8,16.88351210124123,9
2024-09-26,20.9,20.4,17.653686471421874,9
2024-09-27,22.0,17.6,14.766603853039767,9
2024-09-28,21.1,16.0,13.380761723033936,9
2024-09-29,20.8,16.9,14.184417314625222,9
2024-09-30,21.1,18.4,15.5764257860266,9
2024-10-01,21.4,17.5,14.70355508968831,10
2024-10-02,22.1,18.2,15.329983522862381,10
2024-10-03,22.2,18.6,15.714178151419281,10
2024-10-04,21.4,18.3,15.463220626331545,10
2024-10-05,22.3,17.9,15.03325154049081,10
2024-10-06,22.0,17.7,14.860059765263689,10
2024-10-07,21.7,15.0,12.523911027212527,10
2024-10-08,19.3,12.6,10.803065851014605,10
2024-10-09,19.5,14.5,12.217532374658175,10
2024-10-10,18.1,9.0,8.53698360621548,10
2024-10-11,15.7,8.3,8.209654137566583,10
2024-10-12,17.1,9.8,9.040055307339308,10
2024-10-13,18.9,12.0,10.399368597881105,10
2024-10-14,17.9,7.3,7.610973355623116,10
2024-10-15,12.4,3.8,6.085246238927039,10
2024-10-16,10.4,0.6,4.878376622514641,10
2024-10-17,9.7,1.8,5.3308616068312915,10
2024-10-18,11.9,3.5,5.968454238257084,10
2024-10-19,13.5,5.0,6.593202540836797,10
2024-10-20,14.7,5.9,6.9890433414218505,10
2024-10-21,16.0,7.4,7.713547625703578,10
2024-10-22,17.0,10.2,9.288635723647609,10
2024-10-23,18.2,12.5,10.772920621116008,10
2024-10-24,19.3,10.7,9.52818964976604,10
2024-10-25,18.4,10.0,9.12116797076955,10
2024-10-26,20.0,12.6,10.777269684902683,10
2024-10-27,17.5,12.8,11.013414464392296,10
2024-10-28,15.4,10.7,9.656971280797361,10
2024-10-29,16.4,11.4,10.081507599583707,10
2024-10-30,18.7,14.7,12.410305475250377,10
2024-10-31,19.9,14.6,12.279946061794345,10
2024-11-01,19.2,15.8,13.296586354185854,11
2024-11-02,19.0,15.3,12.885897709589218,11
2024-11-03,17.8,14.4,12.20970950585523,11
2024-11-04,15.9,10.1,9.261837878896912,11
2024-11-05,19.0,14.7,12.397561707861792,11
2024-11-06,20.5,18.1,15.316943801799502,11
2024-11-07,20.5,17.5,14.748619620867329,11
2024-11-08,20.3,18.0,15.23128177220669,11
2024-11-09,18.4,13.9,11.79604023613966,11
2024-11-10,15.0,11.0,9.865260957162073,11
2024-11-11,17.1,14.7,12.478717150566139,11
2024-11-12,16.2,11.6,10.22287238284656,11
2024-11-13,13.8,6.9,7.511032315737002,11
2024-11-14,11.8,9.7,9.146630076019411,11
2024-11-15,11.8,8.4,8.378660501863695,11
2024-11-16,11.5,8.3,8.330787274323228,11
2024-11-17,13.1,9.6,9.044164209195442,11
2024-11-18,15.0,10.9,9.799918278123833,11
2024-11-19,15.4,14.1,12.074371376372989,11
2024-11-20,16.9,12.7,10.964118510517103,11
2024-11-21,8.5,-1.7,4.15317053060829,11
2024-11-22,6.4,-1.5,4.246359380786685,11
2024-11-23,7.2,2.8,5.775391908970121,11
2024-11-24,9.6,4.8,6.5915704988924935,11
2024-11-25,13.4,9.1,8.735739639352744,11
2024-11-26,13.9,10.8,9.772262701561619,11
2024-11-27,9.8,6.7,7.513303241802762,11
2024-11-28,13.5,10.0,9.277085371979284,11
2024-11-29,4.8,-0.8,4.495522819052376,11
2024-11-30,2.5,-4.4,3.4710829346236722,11
2024-12-01,3.7,-3.0,3.837711850462313,12
2024-12-02,3.2,-2.8,3.902234369560007,12
2024-12-03,1.5,-4.5,3.4575894511466094,12
2024-12-04,2.7,-5.5,3.191753283786809,12
2024-12-05,7.5,-0.1,4.685159519651776,12
2024-12-06,-0.8,-9.8,2.317999077211782,12
2024-12-07,3.1,-7.4,2.7556051041085716,12
2024-12-08,7.7,-0.1,4.681823105537729,12
2024-12-09,13.0,11.2,10.066972907708397,12
2024-12-10,17.0,16.3,13.832152809030479,12
2024-12-11,9.0,3.7,6.115382212848855,12
2024-12-12,4.3,-2.7,3.9157236284759365,12
2024-12-13,6.0,0.0,4.744654845065377,12
2024-12-14,8.5,1.5,5.239816447074703,12
2024-12-15,7.0,4.7,6.606459902990308,12
2024-12-16,11.3,9.3,8.919625682517703,12
2024-12-17,14.0,11.8,10.438208690131804,12
2024-12-18,14.2,12.5,10.922882975333735,12
2024-12-19,9.0,5.9,7.130236136198049,12
2024-12-20,5.6,1.2,5.181557476285819,12
2024-12-21,2.5,-2.7,3.941293381899687,12
2024-12-22,1.9,-3.4,3.749394347957523,12
2024-12-23,2.1,-4.1,3.555405555950583,12
2024-12-24,4.0,-2.2,4.067817937275119,12
2024-12-25,6.3,0.7,4.985809016127277,12
2024-12-26,7.0,2.9,5.820635843139928,12
2024-12-27,8.1,5.4,6.909399876905268,12
2024-12-28,10.5,10.1,9.43816054607845,12
2024-12-29,14.8,11.9,10.478123862199107,12
2024-12-30,11.5,8.1,8.218394343212044,12
2024-12-31,13.0,8.5,8.40026889220175,12
2025-01-01,6.5,0.9,5.05459988613787,1
2025-01-02,2.9,-3.0,3.8488336381108184,1
2025-01-03,4.5,-3.0,3.8266541537925134,1
2025-01-04,1.7,-6.6,2.945441738960315,1
2025-01-05,4.7,-1.2,4.367432077551958,1
2025-01-06,6.3,2.7,5.753026436720709,1
2025-01-07,-0.3,-5.9,3.1301174075534863,1
2025-01-08,-1.7,-6.8,2.9369161103703734,1
2025-01-09,-1.4,-9.8,2.3231170144567757,1
2025-01-10,-0.5,-3.4,3.7823983693589462,1
2025-01-11,0.1,-2.2,4.125876454952604,1
2025-01-12,-2.9,-5.2,3.3328883610141093,1
2025-01-13,4.0,-0.2,4.7099806846928765,1
2025-01-14,2.1,-4.4,3.476127196835659,1
2025-01-15,3.3,-3.4,3.7304066391959365,1
2025-01-16,5.0,-3.4,3.707607101943975,1
2025-01-17,6.2,-1.0,4.408068030376119,1
2025-01-18,9.7,6.8,7.567775607107829,1
2025-01-19,5.0,1.7,5.382298861001942,1
2025-01-20,-5.0,-13.6,1.736605210041985,1
2025-01-21,-4.1,-13.6,1.7307960864997523,1
2025-01-22,-5.1,-13.8,1.7091732165012063,1
2025-01-23,-1.0,-10.2,2.2476220346476583,1
2025-01-24,1.0,-7.9,2.6713729628856866,1
2025-01-25,1.4,-7.9,2.6674809607543657,1
2025-01-26,4.7,-3.1,3.7955480858777944,1
2025-01-27,7.9,6.5,7.4607457145701135,1
2025-01-28,5.7,-0.6,4.546903109585033,1
2025-01-29,9.7,2.6,5.643652430172027,1
2025-01-30,11.2,4.5,6.4185169519925696,1
2025-01-31,13.5,10.9,9.851199901766554,1
2025-02-01,10.2,6.9,7.606460995238161,2
2025-02-02,10.7,6.3,7.286057156077076,2
2025-02-03,12.8,6.7,7.434478588103135,2
2025-02-04,16.1,11.4,10.09196378724101,2
2025-02-05,16.4,13.6,11.648092318789049,2
2025-02-06,17.8,15.4,13.022400506508053,2
2025-02-07,17.8,14.8,12.529265753339315,2
2025-02-08,18.3,15.0,12.670012579768787,2
2025-02-09,18.2,14.6,12.351598398520105,2
2025-02-10,11.1,7.2,7.7399010058689734,2
2025-02-11,7.8,6.1,7.260365596083172,2
2025-02-12,5.7,5.3,6.920615628129982,2
2025-02-13,10.7,7.4,7.857573704323374,2
2025-02-14,5.2,-1.7,4.2024087657475295,2
2025-02-15,9.6,6.5,7.415888887992679,2
2025-02-16,11.2,7.2,7.737179043144913,2
2025-02-17,2.5,-4.6,3.419182911175589,2
2025-02-18,4.7,-3.1,3.7955480858777944,2
2025-02-19,5.5,1.3,5.220782164983025,2
2025-02-20,-2.2,-8.2,2.640714575304966,2
2025-02-21,-0.9,-8.9,2.4885542766054325,2
2025-02-22,3.0,-4.0,3.570511780903237,2
2025-02-23,4.7,-2.4,3.997994021438007,2
2025-02-24,8.8,2.3,5.542135808183371,2
2025-02-25,12.6,5.3,6.7535036497079455,2
2025-02-26,13.8,4.1,6.1845664500410065,2
2025-02-27,14.3,6.0,7.0473304677353275,2
2025-02-28,11.7,1.1,5.034275717174463,2
2025-03-01,12.8,1.7,5.235483224996294,3
2025-03-02,5.4,-4.3,3.460884052268739,3
2025-03-03,6.7,-2.9,3.8249070456557233,3
2025-03-04,12.4,5.0,6.618600974718501,3
2025-03-05,11.9,7.2,7.718178778874781,3
2025-03-06,6.0,-1.7,4.190365323108812,3
2025-03-07,9.3,0.2,4.757716626462428,3
2025-03-08,14.9,7.6,7.849491079399352,3
2025-03-09,9.8,5.7,7.012309457979742,3
2025-03-10,8.4,6.2,7.295081833728898,3
2025-03-11,12.5,2.7,5.628157667570811,3
2025-03-12,14.8,5.3,6.7019054276924654,3
2025-03-13,15.3,9.8,9.09646750894517,3
2025-03-14,16.9,12.8,11.036196911138154,3
2025-03-15,18.8,13.8,11.703597217664267,3
2025-03-16,18.0,10.4,9.381225251093019,3
2025-03-17,8.5,0.5,4.875934661258724,3
2025-03-18,12.6,2.7,5.6261880585882835,3
2025-03-19,15.6,2.7,5.5677341566808725,3
2025-03-20,11.4,4.0,6.193093582989072,3
2025-03-21,8.3,-1.8,4.12563630957244,3
2025-03-22,12.9,0.6,4.835740924013377,3
2025-03-23,15.7,3.1,5.725840735097465,3
2025-03-24,16.0,7.9,7.981169109136468,3
2025-03-25,16.2,2.9,5.635566377935548,3
2025-03-26,16.3,0.7,4.813557884113897,3
2025-03-27,16.4,-2.4,3.8364449623780015,3
2025-03-28,19.5,1.4,5.006831414891746,3
2025-03-29,20.3,10.4,9.307697160864652,3
2025-03-30,19.2,14.9,12.549907620173906,3
2025-03-31,18.9,17.1,14.458891519979707,3
2025-04-01,16.1,6.2,7.100882593902752,4
2025-04-02,21.8,14.9,12.439279514351048,4
2025-04-03,24.2,16.5,13.670270643163457,4
2025-04-04,24.8,16.6,13.72981945765709,4
2025-04-05,25.0,15.7,12.954725132473158,4
2025-04-06,20.4,17.3,14.56830160378058,4
2025-04-07,16.7,14.5,12.335555802807367,4
2025-04-08,10.7,3.7,6.078756707258427,4
2025-04-09,11.3,3.6,6.023356766704294,4
2025-04-10,14.8,8.0,8.06915445844481,4
2025-04-11,12.9,8.2,8.233925220239486,4
2025-04-12,10.3,3.6,6.044606922875416,4
2025-04-13,12.6,3.7,6.038338027490129,4
2025-04-14,18.8,9.4,8.749169957846906,4
2025-04-15,17.7,4.7,6.363416681529087,4
2025-04-16,14.9,-1.9,4.001514008027331,4
2025-04-17,18.5,0.6,4.742889392470517,4
2025-04-18,21.5,5.9,6.827748602845001,4
2025-04-19,23.4,12.6,10.653706316402703,4
2025-04-20,22.9,14.5,12.077219555628155,4
2025-04-21,23.2,11.2,9.72048016716976,4
2025-04-22,20.5,15.9,13.322672372840415,4
2025-04-23,20.2,16.6,13.94511575731696,4
2025-04-24,18.5,17.0,14.387245803999937,4
2025-04-25,19.9,16.8,14.137950035543934,4
2025-04-26,20.6,16.4,13.749974521531158,4
2025-04-27,20.9,16.1,13.475656797386703,4
2025-04-28,20.5,14.0,11.787956887694053,4
2025-04-29,20.8,15.9,13.309075496800775,4
2025-04-30,22.6,16.5,13.744226460675076,4
2025-05-01,22.4,16.0,13.321905386576676,5
2025-05-02,20.7,16.8,14.099459785319551,5
2025-05-03,17.5,14.9,12.623311518175957,5
2025-05-04,15.7,9.8,9.083870704362937,5
2025-05-05,15.2,8.5,8.336178059661975,5
2025-05-06,18.3,9.8,9.002834287031169,5
2025-05-07,18.4,14.5,12.263628363723942,5
2025-05-08,20.6,16.8,14.104259601416679,5
2025-05-09,21.4,14.9,12.456172102386155,5
2025-05-10,16.3,13.4,11.5012898841417,5
2025-05-11,17.1,15.4,13.053806812639166,5
2025-05-12,20.3,16.9,14.208585686263705,5
2025-05-13,19.4,15.3,12.868278980880158,5
2025-05-14,21.8,16.8,14.04687661609137,5
2025-05-15,23.8,18.3,15.338244268348058,5
2025-05-16,25.2,20.1,17.079376502051726,5
2025-05-17,24.6,19.1,16.082424090176783,5
2025-05-18,22.8,17.8,14.913611797554902,5
2025-05-19,24.3,19.2,16.199366561560332,5
2025-05-20,26.4,17.8,14.734379607699463,5
2025-05-21,23.9,14.6,12.114587421002636,5
2025-05-22,23.2,11.3,9.785140111355124,5
2025-05-23,22.7,10.4,9.232191082831612,5
2025-05-24,22.9,11.7,10.057769302822926,5
2025-05-25,22.7,16.6,13.827276347503567,5
2025-05-26,22.7,19.3,16.388797787274893,5
2025-05-27,19.5,18.3,15.56361399448473,5
2025-05-28,20.2,17.5,14.763702579402391,5
2025-05-29,20.4,18.8,16.009679074914004,5
2025-05-30,20.1,16.5,13.861398041754999,5
2025-05-31,20.0,13.1,11.13592410583769,5
2025-06-01,21.2,14.2,11.913419807576403,6
2025-06-02,22.6,15.4,12.811047937002597,6
2025-06-03,24.0,16.0,13.250173774197329,6
2025-06-04,22.4,18.5,15.605458748614314,6
2025-06-05,23.0,19.2,16.270476392828368,6
2025-06-06,25.2,20.4,17.39925090303872,6
2025-06-07,24.6,21.1,18.202750500897157,6
2025-06-08,23.3,19.8,16.87212163937499,6
2025-06-09,22.2,20.0,17.146315951995135,6
2025-06-10,22.4,20.0,17.13471296370077,6
2025-06-11,23.2,20.0,17.088457622479375,6
2025-06-12,23.7,20.9,18.034736407332144,6
2025-06-13,24.2,21.1,18.227237133486227,6
2025-06-14,24.5,21.0,18.097264856024104,6
2025-06-15,24.8,20.5,17.53054075638485,6
2025-06-16,26.3,20.5,17.442727060827735,6
2025-06-17,24.9,20.9,17.962125490745,6
2025-06-18,24.8,21.0,18.079043075668988,6
2025-06-19,24.2,21.0,18.115523404727004,6
2025-06-20,24.9,19.1,16.066236446402073,6
2025-06-21,26.1,19.4,16.303810410290513,6
2025-06-22,27.7,20.1,16.937450488240426,6
2025-06-23,29.0,20.5,17.286859567648072,6
2025-06-24,30.5,19.9,16.57456777849438,6
2025-06-25,29.4,21.4,18.246913200506587,6
2025-06-26,26.7,20.5,17.41945845711144,6
2025-06-27,25.1,21.8,18.96887947578593,6
2025-06-28,24.6,21.1,18.202750500897157,6
2025-06-29,25.7,21.3,18.359861095834287,6
2025-06-30,25.5,21.3,18.372156331793327,6
2025-07-01,25.2,21.6,18.731920941626974,7
2025-07-02,26.3,20.3,17.22852639607674,7
2025-07-03,26.9,19.0,15.859842119810624,7
2025-07-04,28.3,18.7,15.492889655548948,7
2025-07-05,27.8,17.2,14.120442812939919,7
2025-07-06,28.8,16.4,13.376569020366874,7
2025-07-07,29.7,17.1,13.943269831302867,7
2025-07-08,29.2,19.2,15.936833417351153,7
2025-07-09,28.0,20.7,17.55957349085404,7
2025-07-10,24.8,21.7,18.872214149305616,7
2025-07-11,26.0,21.5,18.567757599745054,7
2025-07-12,26.3,21.8,18.892864597272176,7
2025-07-13,26.8,21.6,18.632000709899675,7
2025-07-14,28.2,20.7,17.547919551255,7
2025-07-15,28.9,21.0,17.833639743074244,7
2025-07-16,28.0,21.3,18.219639676208125,7
2025-07-17,28.2,21.5,18.432204035054696,7
2025-07-18,27.1,22.0,19.074136174543856,7
2025-07-19,27.0,21.7,18.733887075747486,7
2025-07-20,28.0,22.4,19.486444885836306,7
2025-07-21,28.8,22.1,19.082828498145997,7
2025-07-22,28.2,21.9,18.888819474884627,7
2025-07-23,26.9,21.3,18.286433889318705,7
2025-07-24,27.1,20.6,17.503937939710106,7
2025-07-25,27.7,20.9,17.794952642567882,7
2025-07-26,27.6,21.8,18.811199679644734,7
2025-07-27,29.4,20.6,17.37087214145748,7
2025-07-28,30.7,20.9,17.619257865777676,7
2025-07-29,29.8,21.9,18.789060071815424,7
2025-07-30,26.2,23.4,20.828900396057907,7
2025-07-31,26.6,23.3,20.675798137605696,7
2025-08-01,25.3,23.0,20.392275250117216,8
2025-08-02,24.1,21.6,18.80124007715528,8
2025-08-03,20.6,18.6,15.799770270712116,8
2025-08-04,18.7,17.2,14.560723880603971,8
2025-08-05,21.0,19.1,16.279251310046362,8
2025-08-06,22.5,19.2,16.297992841996013,8
2025-08-07,23.2,19.4,16.463355037217603,8
2025-08-08,22.9,19.3,16.37772614546623,8
2025-08-09,23.7,19.0,16.030808920495797,8
2025-08-10,23.9,19.8,16.83804228241951,8
2025-08-11,24.4,21.7,18.897584290995155,8
2025-08-12,24.8,22.7,20.058197350061977,8
2025-08-13,25.4,22.5,19.776085299631163,8
2025-08-14,26.2,22.5,19.723234562234452,8
2025-08-15,26.8,22.5,19.683781517602544,8
2025-08-16,25.7,22.3,19.51723591868504,8
2025-08-17,26.2,21.4,18.441969563431662,8
2025-08-18,26.9,22.1,19.20366627233856,8
2025-08-19,25.7,22.1,19.28077652673644,8
2025-08-20,25.6,22.1,19.28723034314706,8
2025-08-21,24.9,22.0,19.214928322116403,8
2025-08-22,23.1,21.6,18.864704178681542,8
2025-08-23,23.0,21.0,18.188927517796976,8
2025-08-24,23.4,20.2,17.28973524104353,8
2025-08-25,23.1,16.5,13.721029453990392,8
2025-08-26,21.1,13.8,11.612116253855847,8
2025-08-27,20.8,12.9,10.961307108012027,8
2025-08-28,21.9,15.2,12.677509823991217,8
2025-08-29,22.7,16.9,14.093322527071436,8
2025-08-30,23.6,16.7,13.873259993604059,8
2025-08-31,23.2,16.8,13.980517151733254,8
2025-09-01,22.6,15.3,12.729044854966999,9
2025-09-02,21.9,13.8,11.580631105565441,9
2025-09-03,22.8,15.9,13.219134118211143,9
2025-09-04,24.2,17.4,14.473357973653288,9
2025-09-05,25.9,19.2,16.11269548147842,9
2025-09-06,24.3,20.3,17.344367891427737,9
2025-09-07,22.7,15.8,13.139283490438514,9
2025-09-08,21.4,13.0,11.010779505423535,9
2025-09-09,20.3,11.5,10.01358875785464,9
2025-09-10,21.2,12.7,10.803949631307919,9
2025-09-11,22.7,15.4,12.806717685883111,9
2025-09-12,23.6,15.4,12.767876756085991,9
2025-09-13,23.5,14.4,11.975105278033302,9
2025-09-14,23.5,14.3,11.897859259941635,9
2025-09-15,23.7,14.1,11.736768942740191,9
2025-09-16,23.6,15.3,12.686150011310833,9
2025-09-17,23.2,17.5,14.614247179577161,9
2025-09-18,24.1,18.0,15.036567320619188,9
2025-09-19,25.1,17.3,14.338725685799792,9
2025-09-20,24.7,17.3,14.357981990229272,9
2025-09-21,23.9,18.1,15.141627831672864,9
2025-09-22,23.7,17.4,14.49773620840763,9
2025-09-23,24.4,17.8,14.833417615481007,9
2025-09-24,25.4,19.0,15.939526471442564,9
2025-09-25,23.2,20.9,18.06516450992592,9
2025-09-26,23.0,20.1,17.206253518106134,9
2025-09-27,22.4,19.1,16.202137617493275,9
2025-09-28,22.4,18.6,15.703544297146625,9
2025-09-29,22.3,17.9,15.03325154049081,9
2025-09-30,22.1,17.6,14.761602463081072,9
2025-10-01,22.4,14.4,12.019675116659041,10
2025-10-02,19.8,11.5,10.030679709822305,10
2025-10-03,18.9,11.5,10.061590895368754,10
2025-10-04,19.2,13.5,11.46165260504144,10
2025-10-05,20.2,17.3,14.578233972353123,10
2025-10-06,20.8,18.9,16.088152364520898,10
2025-10-07,22.2,18.9,16.011892288982285,10
2025-10-08,23.1,18.4,15.471268481142033,10
2025-10-09,19.3,12.7,10.87414113173358,10
2025-10-10,17.2,9.3,8.738376185266612,10
2025-10-11,17.6,9.3,8.72635434356719,10
2025-10-12,19.0,9.0,8.51068449532863,10
2025-10-13,19.1,11.0,9.72686037572712,10
2025-10-14,20.7,10.9,9.609822875077022,10
2025-10-15,21.2,11.8,10.182883048654146,10
2025-10-16,20.9,10.4,9.2887050904803,10
2025-10-17,19.9,11.9,10.295771254462492,10
2025-10-18,20.6,13.5,11.40702685645571,10
2025-10-19,19.0,12.1,10.464527472350092,10
2025-10-20,14.5,4.5,6.344881958279461,10
2025-10-21,16.2,9.5,8.887350344405265,10
2025-10-22,15.4,5.9,6.972088462409564,10
2025-10-23,15.4,3.8,6.0219790799709445,10
2025-10-24,15.5,4.1,6.14814253538634,10
2025-10-25,14.6,2.6,5.547548531274224,10
2025-10-26,13.7,3.5,5.93100184980018,10
2025-10-27,10.6,8.8,8.645062110097486,10
2025-10-28,10.8,8.4,8.408168022560522,10
2025-10-29,9.7,8.3,8.383802713933559,10
2025-10-30,10.2,6.7,7.502696849366831,10
2025-10-31,10.3,5.2,6.76112568038131,10
2025-11-01,10.2,4.3,6.351603837321283,11
2025-11-02,10.7,6.2,7.2359707249828125,11
2025-11-03,9.8,7.0,7.669644093632497,11
2025-11-04,12.1,6.3,7.250297366353998,11
2025-11-05,13.9,7.9,8.039557735261488,11
2025-11-06,15.5,9.4,8.849195112397036,11
2025-11-07,15.3,12.3,10.739175012318293,11
2025-11-08,19.1,16.6,13.997603789252112,11
2025-11-09,15.5,11.1,9.913785003654771,11
2025-11-10,2.4,-5.9,3.099446687174628,11
2025-11-11,2.3,-6.0,3.0770207395049893,11
2025-11-12,9.1,1.4,5.191316965697323,11
2025-11-13,11.9,4.9,6.584156012931777,11
2025-11-14,12.7,4.0,6.164928385655205,11
2025-11-15,14.5,7.4,7.753771235780253,11
2025-11-16,17.4,8.9,8.499971451680578,11
2025-11-17,12.2,-2.8,3.7791570633534537,11
2025-11-18,13.1,1.0,4.973741352791939,11
2025-11-19,18.3,12.3,10.62863280941229,11
2025-11-20,18.5,16.5,13.937442056384892,11
2025-11-21,18.8,14.7,12.406054642753286,11
2025-11-22,20.1,16.6,13.949871125009139,11
2025-11-23,16.1,10.7,9.633600909504159,11
2025-11-24,14.9,9.5,8.927459892913255,11
2025-11-25,17.1,13.6,11.620000451009021,11
2025-11-26,14.8,10.4,9.4854791868579,11
2025-11-27,5.8,-4.0,3.534672264909227,11
2025-11-28,3.0,-5.6,3.164149482876997,11
2025-11-29,3.9,-6.0,3.059250542128314,11
2025-11-30,5.8,2.0,5.4831871371940055,11
2025-12-01,6.5,4.3,6.435640791364154,12
2025-12-02,6.2,4.5,6.533400018969347,12
2025-12-03,3.8,0.4,4.922960443569636,12
2025-12-04,4.2,1.7,5.397823790112459,12
2025-12-05,6.5,5.5,6.997341869138076,12
2025-12-06,5.9,4.1,6.359653620638836,12
2025-12-07,4.0,2.5,5.718933032842237,12
2025-12-08,6.5,3.6,6.1267435447489245,12
2025-12-09,3.6,0.7,5.034451055309006,12
2025-12-10,6.2,2.3,5.593718242768217,12
2025-12-11,5.4,-1.6,4.230396154888646,12
2025-12-12,7.3,1.0,5.076603538016376,12
2025-12-13,10.6,6.9,7.595738230839586,12
2025-12-14,5.1,-1.1,4.39321948719975,12
2025-12-15,-1.7,-11.3,2.0648971922361015,12
2025-12-16,2.8,-7.1,2.8231415818177696,12
2025-12-17,6.5,-0.7,4.500938704588335,12
2025-12-18,11.7,10.3,9.524898391460443,12
2025-12-19,9.1,2.6,5.655649565541746,12
2025-12-20,6.5,-1.6,4.213755941155846,12
2025-12-21,8.6,2.6,5.6656862107334796,12
2025-12-22,10.3,-2.0,4.036576032458454,12
2025-12-23,12.7,5.5,6.845571641435938,12
2025-12-24,15.9,12.2,10.646617026732399,12
2025-12-25,16.5,13.5,11.568493488982789,12
2025-12-26,16.3,13.9,11.881622148372838,12
2025-12-27,19.0,15.9,13.391075619663145,12
2025-12-28,16.5,14.9,12.666892776654036,12
2025-12-29,9.6,1.6,5.256964046355468,12
2025-12-30,-0.2,-8.7,2.5212534118543926,12
2025-12-31,2.8,-8.5,2.533041136069154,12
2026-01-01,7.6,-2.7,3.8696973133415797,1
2026-01-02,10.6,2.7,5.665844009662034,1
2026-01-03,11.2,9.8,9.227628109566501,1
2026-01-04,9.7,6.3,7.311816594493471,1
2026-01-05,10.4,7.3,7.812286352156967,1
2026-01-06,12.1,11.0,9.965556335867664,1
2026-01-07,15.5,12.5,10.87368932257803,1
2026-01-08,14.5,10.9,9.816952726721302,1
2026-01-09,16.9,15.3,12.979193297212516,1
2026-01-10,17.9,16.9,14.32574976682386,1
2026-01-11,7.0,-0.3,4.625784190966844,1
2026-01-12,2.4,-4.6,3.4204237687009655,1
2026-01-13,5.3,-2.7,3.901661054841618,1
2026-01-14,7.2,1.9,5.416979806082617,1
2026-01-15,-1.0,-8.6,2.548468220963969,1
2026-01-16,1.3,-7.8,2.689208903037053,1
2026-01-17,8.2,4.2,6.352071301465881,1
2026-01-18,2.1,-6.7,2.9186892762462566,1
2026-01-19,0.8,-7.3,2.800262388461774,1
2026-01-20,0.7,-7.9,2.674299425872233,1
2026-01-21,3.1,-7.3,2.7769479866754856,1
2026-01-22,7.3,5.6,7.025950871666113,1
2026-01-23,8.3,6.1,7.247467451481852,1
2026-01-24,5.5,-1.6,4.228877979344095,1
2026-01-25,0.8,0.2,4.905336963476228,1
2026-01-26,-2.1,-7.8,2.7229418315385328,1
2026-01-27,-3.8,-12.9,1.8299313042701582,1
2026-01-28,1.6,-5.0,3.3283148190340937,1
2026-01-29,1.3,-5.5,3.2080347725727503,1
2026-01-30,3.0,-3.3,3.7624245030001062,1
2026-01-31,-3.9,-9.4,2.4196196153421363,1
2026-02-01,-4.7,-14.7,1.5853998949282957,2
2026-02-02,1.0,-8.6,2.529876441128376,2
2026-02-03,6.3,-0.6,4.5371405693604805,2
2026-02-04,9.4,7.5,7.947842292976266,2
2026-02-05,2.1,-2.3,4.065729395244703,2
2026-02-06,6.2,-1.0,4.408068030376119,2
2026-02-07,5.6,-2.9,3.8400008492439603,2
2026-02-08,4.9,-5.6,3.142527889575554,2
2026-02-09,9.1,1.2,5.117304327775632,2
2026-02-10,13.3,9.0,8.68003656941965,2
2026-02-11,14.1,10.1,9.319875505292087,2
2026-02-12,8.9,-1.6,4.177900545804759,2
2026-02-13,8.2,-2.3,3.9775795842939563,2
2026-02-14,8.5,-0.4,4.5677847049798865,2
2026-02-15,11.0,8.4,8.402249903241458,2
2026-02-16,12.5,7.5,7.861588797060892,2
2026-02-17,11.8,6.4,7.30812868635336,2
2026-02-18,14.0,11.5,10.23328441926674,2
2026-02-19,19.1,14.9,12.554201857169687,2
2026-02-20,20.0,12.2,10.497713292092783,2
2026-02-21,14.9,11.3,10.067093462940779,2
2026-02-22,6.1,-2.1,4.067158905569857,2
2026-02-23,-0.6,-9.0,2.4664492495812103,2
2026-02-24,1.9,-7.1,2.8323792746868337,2
2026-02-25,9.7,3.3,5.93056491274698,2
2026-02-26,14.5,12.8,11.128277121764718,2
2026-02-27,14.7,12.1,10.620850099173458,2
2026-02-28,14.2,10.2,9.3791461813689,2
2026-03-01,14.7,7.2,7.643101827056648,3
2026-03-02,14.4,8.2,8.190973080332133,3
2026-03-03,11.5,8.0,8.16270165574981,3
2026-03-04,15.2,12.3,10.742899366406144,3
2026-03-05,18.5,14.0,11.868793211285302,3
2026-03-06,19.8,15.7,13.184677584048035,3
2026-03-07,20.4,16.2,13.58503373939541,3
2026-03-08,17.1,16.0,13.565164985366877,3
2026-03-09,18.8,14.6,12.326214055176681,3
2026-03-10,20.0,16.9,14.223126282224404,3
2026-03-11,21.3,16.1,13.457350590156425,3
2026-03-12,12.0,5.7,6.958207824427032,3
2026-03-13,9.9,2.3,5.52059774286275,3
2026-03-14,14.8,5.8,6.9384344995525336,3
2026-03-15,16.7,11.4,10.071073056613637,3
2026-03-16,9.3,5.3,6.832408100209047,3
2026-03-17,2.4,-6.5,2.9605604952472286,3
2026-03-18,4.6,-3.7,3.6306323424830085,3
2026-03-19,9.7,1.4,5.180304803139719,3
2026-03-20,14.4,5.5,6.805100517142977,3
2026-03-21,19.4,11.3,9.9122415723811,3
2026-03-22,20.8,13.3,11.251597794204118,3
2026-03-23,19.6,11.9,10.306322002118643,3
2026-03-24,13.6,-0.1,4.585492656286909,3
2026-03-25,13.5,5.6,6.873985424590132,3
2026-03-26,18.0,11.7,10.22703967748833,3
2026-03-27,21.1,13.6,11.462039527290973,3
2026-03-28,14.2,-0.2,4.542791532147662,3
2026-03-29,12.4,1.7,5.242817118500054,3
2026-03-30,17.6,10.9,9.712283583289365,3
2026-03-31,20.9,13.0,11.02950213678797,3
2026-04-01,21.2,14.8,12.384541773175043,4
2026-04-02,21.4,13.7,11.525112706924231,4
2026-04-03,21.3,13.7,11.529026822294215,4
2026-04-04,21.6,16.5,13.79085657589365,4
2026-04-05,17.9,13.9,11.816304864616107,4
2026-04-06,13.7,3.4,5.889303930339115,4
2026-04-07,16.7,3.4,5.828348567941263,4
2026-04-08,15.2,2.9,5.65511056513144,4
2026-04-09,14.7,-1.1,4.246702526709504,4
2026-04-10,16.6,4.6,6.343098517352364,4
2026-04-11,19.6,6.8,7.311854245842696,4
2026-04-12,21.3,6.2,6.975480693789679,4
2026-04-13,21.2,9.0,8.447074826941597,4
2026-04-14,22.1,9.7,8.827543573790791,4
2026-04-15,22.5,10.5,9.300278947323095,4
2026-04-16,23.0,10.3,9.161463132897206,4
2026-04-17,24.4,10.5,9.240892188795408,4
2026-04-18,23.4,13.1,11.008248698790487,4
2026-04-19,15.1,4.0,6.113598539599446,4
2026-04-20,15.4,1.6,5.151296427333248,4
2026-04-21,18.4,4.3,6.172961575390107,4
2026-04-22,21.2,3.5,5.779880688347823,4
2026-04-23,21.4,6.5,7.118800146256766,4
2026-04-24,21.7,9.6,8.780369696056285,4
2026-04-25,19.9,14.8,12.439480876758484,4
2026-04-26,21.1,15.0,12.549448313929016,4
2026-04-27,19.2,12.1,10.457368568657703,4
2026-04-28,16.6,12.9,11.120194044521606,4
2026-04-29,21.0,16.8,14.085079918123915,4
2026-04-30,18.1,12.9,11.062922658884585,4
2026-05-01,15.7,9.1,8.666180348473356,5
2026-05-02,15.5,7.3,7.674255309731882,5
2026-05-03,14.0,4.4,6.3116030623892465,5
2026-05-04,16.8,5.7,6.843017627643967,5
2026-05-05,19.9,6.9,7.354685968267303,5
2026-05-06,21.8,15.4,12.845795651359614,5
2026-05-07,19.3,16.6,13.988031141764164,5
2026-05-08,16.5,11.1,9.879558229949767,5
2026-05-09,18.0,14.5,12.280476900029933,5
2026-05-10,20.4,14.0,11.791972543251095,5
2026-05-11,20.5,14.2,11.941818901277419,5
2026-05-12,18.4,10.4,9.368354422417193,5
2026-05-13,19.5,10.0,9.086883724168331,5
2026-05-14,19.3,5.2,6.5530554765056666,5
2026-05-15,18.3,4.9,6.439573413917319,5
2026-05-16,22.1,9.9,8.94673656363314,5
2026-05-17,24.5,16.2,13.3979057759097,5
2026-05-18,24.5,16.5,13.656492443287934,5
2026-05-19,25.3,15.7,12.941703126978965,5
2026-05-20,25.4,17.8,14.783732746562967,5
2026-05-21,23.7,19.4,16.435624946199887,5
2026-05-22,23.1,20.4,17.522587365136207,5
2026-05-23,22.0,20.0,17.157934665159285,5
2026-05-24,21.7,20.5,17.714853716685994,5
2026-05-25,22.4,20.9,18.11406361873303,5
2026-05-26,22.4,20.9,18.11406361873303,5
2026-05-27,23.7,21.0,18.146036329444417,5
2026-05-28,24.2,21.2,18.339554582345777,5
2026-05-29,23.1,21.7,18.980510399276312,5
2026-05-30,23.6,20.6,17.71038708137476,5
2026-05-31,21.3,18.9,16.060833375958286,5
2026-06-01,21.9,19.0,16.12860744975149,6
2026-06-02,21.7,18.0,15.158960949818734,6
2026-06-03,19.3,12.0,10.385144807697646,6
2026-06-04,20.4,11.4,9.944133965114844,6
2026-06-05,22.0,13.9,11.65216171725061,6
2026-06-06,23.4,16.0,13.276982421186096,6
2026-06-07,22.8,20.0,17.11155403420092,6
2026-06-08,23.4,21.4,18.616097079120784,6
2026-06-09,23.4,22.0,19.31212067579428,6
2026-06-10,25.2,21.6,18.731920941626974,6
2026-06-11,26.9,21.1,18.063219335584503,6
2026-06-12,27.5,21.4,18.362227137246858,6
2026-06-13,27.7,21.1,18.015186842752634,6
2026-06-14,26.8,20.7,17.62982349315117,6
2026-06-15,24.2,18.1,15.126351260798467,6
2026-06-16,21.0,19.0,16.177955560255576,6
2026-06-17,23.9,19.8,16.83804228241951,6
2026-06-18,24.1,22.4,19.742112287197994,6
2026-06-19,25.3,21.5,18.611307374648124,6
2026-06-20,24.7,20.2,17.214272236801943,6
2026-06-21,24.5,20.7,17.766052601279,6
2026-06-22,25.5,21.5,18.598843750087838,6
2026-06-23,23.6,18.8,15.837038896178619,6
2026-06-24,23.3,16.4,13.624742842637131,6
2026-06-25,23.8,18.3,15.338244268348058,6
2026-06-26,25.8,19.8,16.731026793753855,6
2026-06-27,27.2,21.5,18.493573117908216,6
2026-06-28,28.2,20.4,17.2260378527347,6
2026-06-29,29.5,21.0,17.798284765886585,6
2026-06-30,29.5,21.8,18.69310524914308,6
2026-07-01,28.5,23.1,20.298501531636852,7
2026-07-02,29.0,23.0,20.14256014693855,7
2026-07-03,28.8,22.0,18.966747429729402,7
2026-07-04,28.4,20.8,17.644669203209155,7
2026-07-05,27.3,21.1,18.03917111546723,7
2026-07-06,26.5,21.5,18.5367751909352,7
2026-07-07,27.8,20.4,17.248933400636655,7
2026-07-08,28.5,19.9,16.684460487120234,7
2026-07-09,27.7,20.6,17.469028972570914,7
2026-07-10,26.6,21.9,18.98964386574306,7
2026-07-11,26.6,22.2,19.34044582519033,7
2026-07-12,25.6,22.4,19.642988710860596,7
2026-07-13,23.9,21.8,19.045508512550594,7
2026-07-14,23.9,21.6,18.8138987138004,7
2026-07-15,25.8,21.8,18.924463300395228,7
2026-07-16,26.2,23.0,20.33096558676293,7
2026-07-17,26.5,22.9,20.18789189767794,7
2026-07-18,26.9,22.7,19.91781336594223,7
2026-07-19,26.2,22.7,19.964389178055676,7
2026-07-20,27.5,22.0,19.048758976906015,7
2026-07-21,27.1,21.8,18.842525574198678,7
